-- MySQL dump 10.13  Distrib 8.0.23, for Linux (x86_64)
--
-- Host: localhost    Database: conserv
-- ------------------------------------------------------
-- Server version	8.0.23-0ubuntu0.20.04.1

/*!40101 SET @OLD_CHARACTER_SET_CLIENT=@@CHARACTER_SET_CLIENT */;
/*!40101 SET @OLD_CHARACTER_SET_RESULTS=@@CHARACTER_SET_RESULTS */;
/*!40101 SET @OLD_COLLATION_CONNECTION=@@COLLATION_CONNECTION */;
/*!50503 SET NAMES utf8mb4 */;
/*!40103 SET @OLD_TIME_ZONE=@@TIME_ZONE */;
/*!40103 SET TIME_ZONE='+00:00' */;
/*!40014 SET @OLD_UNIQUE_CHECKS=@@UNIQUE_CHECKS, UNIQUE_CHECKS=0 */;
/*!40014 SET @OLD_FOREIGN_KEY_CHECKS=@@FOREIGN_KEY_CHECKS, FOREIGN_KEY_CHECKS=0 */;
/*!40101 SET @OLD_SQL_MODE=@@SQL_MODE, SQL_MODE='NO_AUTO_VALUE_ON_ZERO' */;
/*!40111 SET @OLD_SQL_NOTES=@@SQL_NOTES, SQL_NOTES=0 */;

--
-- Table structure for table `deductions`
--

DROP TABLE IF EXISTS `deductions`;
/*!40101 SET @saved_cs_client     = @@character_set_client */;
/*!50503 SET character_set_client = utf8mb4 */;
CREATE TABLE `deductions` (
  `id` int NOT NULL AUTO_INCREMENT,
  `teacher_id` int DEFAULT NULL,
  `description` varchar(255) CHARACTER SET utf8mb4 COLLATE utf8mb4_unicode_ci NOT NULL,
  `amount` varchar(255) CHARACTER SET utf8mb4 COLLATE utf8mb4_unicode_ci NOT NULL,
  `added_on` date NOT NULL,
  PRIMARY KEY (`id`),
  KEY `IDX_7266309A41807E1D` (`teacher_id`),
  CONSTRAINT `FK_7266309A41807E1D` FOREIGN KEY (`teacher_id`) REFERENCES `teacher_user_data` (`id`)
) ENGINE=InnoDB AUTO_INCREMENT=4 DEFAULT CHARSET=utf8mb4 COLLATE=utf8mb4_unicode_ci;
/*!40101 SET character_set_client = @saved_cs_client */;

--
-- Dumping data for table `deductions`
--

LOCK TABLES `deductions` WRITE;
/*!40000 ALTER TABLE `deductions` DISABLE KEYS */;
INSERT INTO `deductions` VALUES (1,1,'Piano Time 1','1550','2021-02-02'),(3,1,'Sightreading basics','2000','2021-02-05');
/*!40000 ALTER TABLE `deductions` ENABLE KEYS */;
UNLOCK TABLES;

--
-- Table structure for table `instrument`
--

DROP TABLE IF EXISTS `instrument`;
/*!40101 SET @saved_cs_client     = @@character_set_client */;
/*!50503 SET character_set_client = utf8mb4 */;
CREATE TABLE `instrument` (
  `id` int NOT NULL AUTO_INCREMENT,
  `name` varchar(255) CHARACTER SET utf8mb4 COLLATE utf8mb4_unicode_ci NOT NULL,
  `availability` varchar(255) CHARACTER SET utf8mb4 COLLATE utf8mb4_unicode_ci NOT NULL,
  `category` tinytext CHARACTER SET utf8mb4 COLLATE utf8mb4_unicode_ci NOT NULL,
  `description` longtext CHARACTER SET utf8mb4 COLLATE utf8mb4_unicode_ci NOT NULL,
  `image` varchar(255) CHARACTER SET utf8mb4 COLLATE utf8mb4_unicode_ci NOT NULL,
  PRIMARY KEY (`id`)
) ENGINE=InnoDB AUTO_INCREMENT=5 DEFAULT CHARSET=utf8mb4 COLLATE=utf8mb4_unicode_ci;
/*!40101 SET character_set_client = @saved_cs_client */;

--
-- Dumping data for table `instrument`
--

LOCK TABLES `instrument` WRITE;
/*!40000 ALTER TABLE `instrument` DISABLE KEYS */;
INSERT INTO `instrument` VALUES (1,'Piano','available','instrument','<p><strong>Lorem Ipsum</strong> is simply dummy text of the printing and typesetting industry. Lorem Ipsum has been the industry&#39;s standard dummy text ever since the 1500s, when an unknown printer took a galley of type and scrambled it to make a type specimen book. It has survived not only five centuries, but also the leap into electronic typesetting, remaining essentially unchanged. It was popularised in the 1960s with the release of Letraset sheets containing Lorem Ipsum passages, and more recently with desktop publishing software like Aldus PageMaker including versions of Lorem Ipsum.</p>','/img/instruments/instrument/Piano/piano.jpg'),(2,'Classical guitar','available','instrument','<p><strong>Lorem Ipsum</strong> is simply dummy text of the printing and typesetting industry. Lorem Ipsum has been the industry&#39;s standard dummy text ever since the 1500s, when an unknown printer took a galley of type and scrambled it to make a type specimen book. It has survived not only five centuries, but also the leap into electronic typesetting, remaining essentially unchanged. It was popularised in the 1960s with the release of Letraset sheets containing Lorem Ipsum passages, and more recently with desktop publishing software like Aldus PageMaker including versions of Lorem Ipsum.</p>','/img/instruments/instrument/Classical_guitar/classical guitar1.jpg'),(3,'Voice','available','instrument','<p><strong>Vocal music</strong> is a type of singing performed by one or more singers, either with instrumental accompaniment, or without instrumental accompaniment (a cappella), in which singing provides the main focus of the piece. Music which employs singing but does not feature it prominently is generally considered to be instrumental music (e.g. the wordless women&#39;s choir in the final movement of Holst&#39;s symphonic work <em>The Planets</em>) as is music without singing. Music without any non-vocal instrumental accompaniment is referred to as <em>a cappella</em>.</p>','/img/instruments/instrument/Voice/singing.jpeg'),(4,'Music theory','available','course','<p><strong>Music theory</strong> is the study of the practices and possibilities of music. <em>The Oxford Companion to Music</em> describes three interrelated uses of the term &quot;music theory&quot;. The first is the &quot;rudiments&quot;, that are needed to understand music notation (key signatures, time signatures, and rhythmic notation); the second is learning scholars&#39; views on music from antiquity to the present; the third a sub-topic of musicology that &quot;seeks to define processes and general principles in music&quot;. The musicological approach to theory differs from music analysis &quot;in that it takes as its starting-point not the individual work or performance but the fundamental materials from which it is built</p>','/img/instruments/course/Music_theory/music.jpeg');
/*!40000 ALTER TABLE `instrument` ENABLE KEYS */;
UNLOCK TABLES;

--
-- Table structure for table `instrument_grade`
--

DROP TABLE IF EXISTS `instrument_grade`;
/*!40101 SET @saved_cs_client     = @@character_set_client */;
/*!50503 SET character_set_client = utf8mb4 */;
CREATE TABLE `instrument_grade` (
  `id` int NOT NULL AUTO_INCREMENT,
  `name` varchar(255) CHARACTER SET utf8mb4 COLLATE utf8mb4_unicode_ci NOT NULL,
  PRIMARY KEY (`id`)
) ENGINE=InnoDB AUTO_INCREMENT=10 DEFAULT CHARSET=utf8mb4 COLLATE=utf8mb4_unicode_ci;
/*!40101 SET character_set_client = @saved_cs_client */;

--
-- Dumping data for table `instrument_grade`
--

LOCK TABLES `instrument_grade` WRITE;
/*!40000 ALTER TABLE `instrument_grade` DISABLE KEYS */;
INSERT INTO `instrument_grade` VALUES (1,'Grade 1'),(2,'Grade 2'),(3,'Grade 3'),(4,'Grade 4'),(5,'Grade 5'),(6,'Grade 6'),(7,'Grade 7'),(8,'Grade 8'),(9,'Contemporary');
/*!40000 ALTER TABLE `instrument_grade` ENABLE KEYS */;
UNLOCK TABLES;

--
-- Table structure for table `invoiced`
--

DROP TABLE IF EXISTS `invoiced`;
/*!40101 SET @saved_cs_client     = @@character_set_client */;
/*!50503 SET character_set_client = utf8mb4 */;
CREATE TABLE `invoiced` (
  `id` int NOT NULL AUTO_INCREMENT,
  PRIMARY KEY (`id`)
) ENGINE=InnoDB DEFAULT CHARSET=utf8mb4 COLLATE=utf8mb4_unicode_ci;
/*!40101 SET character_set_client = @saved_cs_client */;

--
-- Dumping data for table `invoiced`
--

LOCK TABLES `invoiced` WRITE;
/*!40000 ALTER TABLE `invoiced` DISABLE KEYS */;
/*!40000 ALTER TABLE `invoiced` ENABLE KEYS */;
UNLOCK TABLES;

--
-- Table structure for table `package`
--

DROP TABLE IF EXISTS `package`;
/*!40101 SET @saved_cs_client     = @@character_set_client */;
/*!50503 SET character_set_client = utf8mb4 */;
CREATE TABLE `package` (
  `id` int NOT NULL AUTO_INCREMENT,
  `price` varchar(255) CHARACTER SET utf8mb4 COLLATE utf8mb4_unicode_ci NOT NULL,
  `duration` varchar(255) CHARACTER SET utf8mb4 COLLATE utf8mb4_unicode_ci NOT NULL,
  `name` varchar(255) CHARACTER SET utf8mb4 COLLATE utf8mb4_unicode_ci NOT NULL,
  PRIMARY KEY (`id`)
) ENGINE=InnoDB AUTO_INCREMENT=5 DEFAULT CHARSET=utf8mb4 COLLATE=utf8mb4_unicode_ci;
/*!40101 SET character_set_client = @saved_cs_client */;

--
-- Dumping data for table `package`
--

LOCK TABLES `package` WRITE;
/*!40000 ALTER TABLE `package` DISABLE KEYS */;
INSERT INTO `package` VALUES (1,'24000','60','Hourly Classes'),(2,'18000','45','45 Minutes'),(3,'12000','30','30 Minutes'),(4,'6000','120','Singout');
/*!40000 ALTER TABLE `package` ENABLE KEYS */;
UNLOCK TABLES;

--
-- Table structure for table `reset_password_request`
--

DROP TABLE IF EXISTS `reset_password_request`;
/*!40101 SET @saved_cs_client     = @@character_set_client */;
/*!50503 SET character_set_client = utf8mb4 */;
CREATE TABLE `reset_password_request` (
  `id` int NOT NULL AUTO_INCREMENT,
  `user_id` int NOT NULL,
  `selector` varchar(20) CHARACTER SET utf8mb4 COLLATE utf8mb4_unicode_ci NOT NULL,
  `hashed_token` varchar(100) CHARACTER SET utf8mb4 COLLATE utf8mb4_unicode_ci NOT NULL,
  `requested_at` datetime NOT NULL COMMENT '(DC2Type:datetime_immutable)',
  `expires_at` datetime NOT NULL COMMENT '(DC2Type:datetime_immutable)',
  PRIMARY KEY (`id`),
  KEY `IDX_7CE748AA76ED395` (`user_id`),
  CONSTRAINT `FK_7CE748AA76ED395` FOREIGN KEY (`user_id`) REFERENCES `user` (`id`)
) ENGINE=InnoDB AUTO_INCREMENT=2 DEFAULT CHARSET=utf8mb4 COLLATE=utf8mb4_unicode_ci;
/*!40101 SET character_set_client = @saved_cs_client */;

--
-- Dumping data for table `reset_password_request`
--

LOCK TABLES `reset_password_request` WRITE;
/*!40000 ALTER TABLE `reset_password_request` DISABLE KEYS */;
/*!40000 ALTER TABLE `reset_password_request` ENABLE KEYS */;
UNLOCK TABLES;

--
-- Table structure for table `school_time`
--

DROP TABLE IF EXISTS `school_time`;
/*!40101 SET @saved_cs_client     = @@character_set_client */;
/*!50503 SET character_set_client = utf8mb4 */;
CREATE TABLE `school_time` (
  `id` int NOT NULL AUTO_INCREMENT,
  `teacher_id` int DEFAULT NULL,
  `begin_at` datetime NOT NULL,
  `end_at` datetime DEFAULT NULL,
  `day` varchar(255) CHARACTER SET utf8mb4 COLLATE utf8mb4_unicode_ci NOT NULL,
  `jsdaycode` int DEFAULT NULL,
  `title` varchar(255) CHARACTER SET utf8mb4 COLLATE utf8mb4_unicode_ci DEFAULT NULL,
  PRIMARY KEY (`id`),
  KEY `IDX_2EBC47A841807E1D` (`teacher_id`),
  CONSTRAINT `FK_2EBC47A841807E1D` FOREIGN KEY (`teacher_id`) REFERENCES `user` (`id`)
) ENGINE=InnoDB AUTO_INCREMENT=17 DEFAULT CHARSET=utf8mb4 COLLATE=utf8mb4_unicode_ci;
/*!40101 SET character_set_client = @saved_cs_client */;

--
-- Dumping data for table `school_time`
--

LOCK TABLES `school_time` WRITE;
/*!40000 ALTER TABLE `school_time` DISABLE KEYS */;
INSERT INTO `school_time` VALUES (11,5,'2021-02-09 08:30:00','2021-02-09 16:00:00','Monday',0,'0-08:30-16:00'),(12,5,'2021-02-09 08:00:00','2021-02-09 19:00:00','Wednesday',2,'2-08:00-19:00'),(13,5,'2021-02-09 07:30:00','2021-02-09 16:00:00','Friday',4,'4-07:30-16:00'),(15,5,'2021-02-09 08:00:00','2021-02-09 13:00:00','Thursday',3,'3-08:00-13:00'),(16,5,'2021-02-10 09:00:00','2021-02-10 13:00:00','Tuesday',1,'1-09:00-13:00');
/*!40000 ALTER TABLE `school_time` ENABLE KEYS */;
UNLOCK TABLES;

--
-- Table structure for table `session`
--

DROP TABLE IF EXISTS `session`;
/*!40101 SET @saved_cs_client     = @@character_set_client */;
/*!50503 SET character_set_client = utf8mb4 */;
CREATE TABLE `session` (
  `id` int NOT NULL AUTO_INCREMENT,
  `teacher_id` int DEFAULT NULL,
  `student_id` int DEFAULT NULL,
  `package_id` int DEFAULT NULL,
  `user_instrument_grade_id` int DEFAULT NULL,
  `begin_at` datetime NOT NULL,
  `end_at` datetime DEFAULT NULL,
  `starting_on` date NOT NULL,
  `numberofsessions` varchar(255) CHARACTER SET utf8mb4 COLLATE utf8mb4_unicode_ci NOT NULL,
  `paid` varchar(255) CHARACTER SET utf8mb4 COLLATE utf8mb4_unicode_ci NOT NULL,
  `cleared` tinyint(1) NOT NULL,
  `done` tinyint(1) DEFAULT NULL,
  `invoiced` tinyint(1) DEFAULT NULL,
  PRIMARY KEY (`id`),
  KEY `IDX_D044D5D441807E1D` (`teacher_id`),
  KEY `IDX_D044D5D4CB944F1A` (`student_id`),
  KEY `IDX_D044D5D4F44CABFF` (`package_id`),
  KEY `IDX_D044D5D475736EDB` (`user_instrument_grade_id`),
  CONSTRAINT `FK_D044D5D441807E1D` FOREIGN KEY (`teacher_id`) REFERENCES `user` (`id`),
  CONSTRAINT `FK_D044D5D475736EDB` FOREIGN KEY (`user_instrument_grade_id`) REFERENCES `user_instrument_grade` (`id`),
  CONSTRAINT `FK_D044D5D4CB944F1A` FOREIGN KEY (`student_id`) REFERENCES `user` (`id`),
  CONSTRAINT `FK_D044D5D4F44CABFF` FOREIGN KEY (`package_id`) REFERENCES `package` (`id`)
) ENGINE=InnoDB AUTO_INCREMENT=550 DEFAULT CHARSET=utf8mb4 COLLATE=utf8mb4_unicode_ci;
/*!40101 SET character_set_client = @saved_cs_client */;

--
-- Dumping data for table `session`
--

LOCK TABLES `session` WRITE;
/*!40000 ALTER TABLE `session` DISABLE KEYS */;
INSERT INTO `session` VALUES (73,5,1415,1,2322,'2021-01-25 09:00:00','2021-01-25 10:00:00','2021-01-25','12','8000',1,1,1),(74,5,1415,1,2322,'2021-01-18 09:00:00','2021-01-18 10:00:00','2021-01-18','11','6000',1,1,1),(75,5,1415,1,2322,'2021-02-08 09:00:00','2021-02-08 10:00:00','2021-02-08','10','4000',1,NULL,NULL),(76,5,1415,1,2322,'2021-02-15 09:00:00','2021-02-15 10:00:00','2021-02-15','9','2000',1,NULL,NULL),(77,5,1415,1,2322,'2021-02-01 09:00:00','2021-02-01 10:00:00','2021-02-01','8','0',1,NULL,NULL),(78,5,1415,1,2322,'2021-02-22 09:00:00','2021-02-22 10:00:00','2021-02-22','7','-2000',0,NULL,NULL),(79,5,1415,1,2322,'2021-03-08 09:00:00','2021-03-08 10:00:00','2021-03-08','6','-4000',0,NULL,NULL),(80,5,1415,1,2322,'2021-03-15 09:00:00','2021-03-15 10:00:00','2021-03-15','5','-6000',0,NULL,NULL),(81,5,1415,1,2322,'2021-03-22 09:00:00','2021-03-22 10:00:00','2021-03-22','4','-8000',0,NULL,NULL),(82,5,1415,1,2322,'2021-03-29 09:00:00','2021-03-29 10:00:00','2021-03-29','3','-10000',0,NULL,NULL),(83,5,1415,1,2322,'2021-04-05 09:00:00','2021-04-05 10:00:00','2021-04-05','2','-12000',0,NULL,NULL),(84,5,1415,1,2322,'2021-04-12 09:00:00','2021-04-12 10:00:00','2021-04-12','1','-14000',0,NULL,NULL),(85,5,2323,3,2323,'2021-01-11 11:00:00','2021-01-11 11:30:00','2021-01-11','12','5000',1,1,1),(86,5,2323,3,2323,'2021-01-18 11:00:00','2021-01-18 11:30:00','2021-01-18','11','4000',1,1,1),(87,5,2323,3,2323,'2021-01-25 11:00:00','2021-01-25 11:30:00','2021-01-25','10','3000',1,1,1),(88,5,2323,3,2323,'2021-02-01 11:00:00','2021-02-01 11:30:00','2021-02-01','9','2000',1,1,1),(89,5,2323,3,2323,'2021-02-08 11:00:00','2021-02-08 11:30:00','2021-02-08','8','1000',1,1,1),(90,5,2323,3,2323,'2021-02-15 11:00:00','2021-02-15 11:30:00','2021-02-15','7','0',1,NULL,NULL),(91,5,2323,3,2323,'2021-02-22 11:00:00','2021-02-22 11:30:00','2021-02-22','6','-1000',0,NULL,NULL),(92,5,2323,3,2323,'2021-03-01 11:00:00','2021-03-01 11:30:00','2021-03-01','5','-2000',0,NULL,NULL),(93,5,2323,3,2323,'2021-03-08 11:00:00','2021-03-08 11:30:00','2021-03-08','4','-3000',0,NULL,NULL),(94,5,2323,3,2323,'2021-03-15 11:00:00','2021-03-15 11:30:00','2021-03-15','3','-4000',0,NULL,NULL),(95,5,2323,3,2323,'2021-03-22 11:00:00','2021-03-22 11:30:00','2021-03-22','2','-5000',0,NULL,NULL),(96,5,2323,3,2323,'2021-03-29 11:00:00','2021-03-29 11:30:00','2021-03-29','1','-6000',0,NULL,NULL),(109,5,2324,3,2324,'2021-01-25 12:30:00','2021-01-25 13:00:00','2021-01-25','12','5000',1,1,1),(110,5,2324,3,2324,'2021-02-01 12:30:00','2021-02-01 13:00:00','2021-02-01','11','4000',1,1,1),(111,5,2324,3,2324,'2021-02-08 12:30:00','2021-02-08 13:00:00','2021-02-08','10','3000',1,1,1),(112,5,2324,3,2324,'2021-02-15 12:30:00','2021-02-15 13:00:00','2021-02-15','9','2000',1,NULL,NULL),(113,5,2324,3,2324,'2021-02-22 12:30:00','2021-02-22 13:00:00','2021-02-22','8','1000',1,NULL,NULL),(114,5,2324,3,2324,'2021-03-01 12:30:00','2021-03-01 13:00:00','2021-03-01','7','0',1,NULL,NULL),(115,5,2324,3,2324,'2021-03-08 12:30:00','2021-03-08 13:00:00','2021-03-08','6','-1000',0,NULL,NULL),(116,5,2324,3,2324,'2021-03-15 12:30:00','2021-03-15 13:00:00','2021-03-15','5','-2000',0,NULL,NULL),(117,5,2324,3,2324,'2021-03-22 12:30:00','2021-03-22 13:00:00','2021-03-22','4','-3000',0,NULL,NULL),(118,5,2324,3,2324,'2021-03-29 12:30:00','2021-03-29 13:00:00','2021-03-29','3','-4000',0,NULL,NULL),(119,5,2324,3,2324,'2021-04-05 12:30:00','2021-04-05 13:00:00','2021-04-05','2','-5000',0,NULL,NULL),(120,5,2324,3,2324,'2021-04-12 12:30:00','2021-04-12 13:00:00','2021-04-12','1','-6000',0,NULL,NULL),(121,5,1647,3,2325,'2021-01-15 09:00:00','2021-01-15 09:30:00','2021-01-15','12','5000',1,1,1),(122,5,1647,3,2325,'2021-01-22 09:00:00','2021-01-22 09:30:00','2021-01-22','11','4000',1,1,1),(123,5,1647,3,2325,'2021-01-29 09:00:00','2021-01-29 09:30:00','2021-01-29','10','3000',1,1,1),(124,5,1647,3,2325,'2021-02-05 09:00:00','2021-02-05 09:30:00','2021-02-05','9','2000',1,1,1),(125,5,1647,3,2325,'2021-02-12 09:00:00','2021-02-12 09:30:00','2021-02-12','8','1000',1,NULL,NULL),(126,5,1647,3,2325,'2021-02-19 09:00:00','2021-02-19 09:30:00','2021-02-19','7','0',1,NULL,NULL),(127,5,1647,3,2325,'2021-02-26 09:00:00','2021-02-26 09:30:00','2021-02-26','6','-1000',0,NULL,NULL),(128,5,1647,3,2325,'2021-03-05 09:00:00','2021-03-05 09:30:00','2021-03-05','5','-2000',0,NULL,NULL),(129,5,1647,3,2325,'2021-03-12 09:00:00','2021-03-12 09:30:00','2021-03-12','4','-3000',0,NULL,NULL),(130,5,1647,3,2325,'2021-03-19 09:00:00','2021-03-19 09:30:00','2021-03-19','3','-4000',0,NULL,NULL),(131,5,1647,3,2325,'2021-03-26 09:00:00','2021-03-26 09:30:00','2021-03-26','2','-5000',0,NULL,NULL),(132,5,1647,3,2325,'2021-04-02 09:00:00','2021-04-02 09:30:00','2021-04-02','1','-6000',0,NULL,NULL),(133,5,1647,2,2326,'2021-01-08 08:30:00','2021-01-08 09:00:00','2021-01-08','1','0',1,1,1),(134,5,1368,1,1364,'2021-01-13 10:00:00','2021-01-13 11:00:00','2021-01-13','6','4000',1,1,1),(135,5,1368,1,1364,'2021-01-20 10:00:00','2021-01-20 11:00:00','2021-01-20','5','2000',1,1,1),(136,5,1368,1,1364,'2021-01-27 10:00:00','2021-01-27 11:00:00','2021-01-27','4','0',1,1,1),(137,5,1368,1,1364,'2021-02-03 10:00:00','2021-02-03 11:00:00','2021-02-03','3','-2000',0,1,1),(138,5,1368,1,1364,'2021-02-10 10:00:00','2021-02-10 11:00:00','2021-02-10','2','-4000',0,NULL,NULL),(139,5,1368,1,1364,'2021-02-17 10:00:00','2021-02-17 11:00:00','2021-02-17','1','-6000',0,NULL,NULL),(140,5,2325,2,2327,'2021-01-13 14:00:00','2021-01-13 14:45:00','2021-01-13','12','7500',1,1,1),(141,5,2325,2,2327,'2021-01-20 14:00:00','2021-01-20 14:45:00','2021-01-20','11','6000',1,1,1),(142,5,2325,2,2327,'2021-01-27 14:00:00','2021-01-27 14:45:00','2021-01-27','10','4500',1,1,1),(143,5,2325,2,2327,'2021-02-03 14:00:00','2021-02-03 14:45:00','2021-02-03','9','3000',1,1,1),(144,5,2325,2,2327,'2021-02-10 14:00:00','2021-02-10 14:45:00','2021-02-10','8','1500',1,0,NULL),(145,5,2325,2,2327,'2021-02-17 14:00:00','2021-02-17 14:45:00','2021-02-17','7','0',1,NULL,NULL),(146,5,2325,2,2327,'2021-02-24 14:00:00','2021-02-24 14:45:00','2021-02-24','6','-1500',0,NULL,NULL),(147,5,2325,2,2327,'2021-03-03 14:00:00','2021-03-03 14:45:00','2021-03-03','5','-3000',0,NULL,NULL),(148,5,2325,2,2327,'2021-03-10 14:00:00','2021-03-10 14:45:00','2021-03-10','4','-4500',0,NULL,NULL),(149,5,2325,2,2327,'2021-03-17 14:00:00','2021-03-17 14:45:00','2021-03-17','3','-6000',0,NULL,NULL),(150,5,2325,2,2327,'2021-03-24 14:00:00','2021-03-24 14:45:00','2021-03-24','2','-7500',0,NULL,NULL),(151,5,2325,2,2327,'2021-03-31 14:00:00','2021-03-31 14:45:00','2021-03-31','1','-9000',0,NULL,NULL),(152,5,1631,1,1627,'2021-01-20 13:00:00','2021-01-20 14:00:00','2021-01-20','12','10000',1,1,1),(153,5,1631,1,1627,'2021-01-27 13:00:00','2021-01-27 14:00:00','2021-01-27','11','8000',1,1,1),(154,5,1631,1,1627,'2021-02-03 13:00:00','2021-02-03 14:00:00','2021-02-03','10','6000',1,1,1),(155,5,1631,1,1627,'2021-02-10 13:00:00','2021-02-10 14:00:00','2021-02-10','9','4000',1,1,1),(156,5,1631,1,1627,'2021-02-17 13:00:00','2021-02-17 14:00:00','2021-02-17','8','2000',1,1,1),(157,5,1631,1,1627,'2021-02-24 13:00:00','2021-02-24 14:00:00','2021-02-24','7','0',1,NULL,NULL),(158,5,1631,1,1627,'2021-03-03 13:00:00','2021-03-03 14:00:00','2021-03-03','6','-2000',0,NULL,NULL),(159,5,1631,1,1627,'2021-03-10 13:00:00','2021-03-10 14:00:00','2021-03-10','5','-4000',0,NULL,NULL),(160,5,1631,1,1627,'2021-03-17 13:00:00','2021-03-17 14:00:00','2021-03-17','4','-6000',0,NULL,NULL),(161,5,1631,1,1627,'2021-03-24 13:00:00','2021-03-24 14:00:00','2021-03-24','3','-8000',0,NULL,NULL),(162,5,1631,1,1627,'2021-03-31 13:00:00','2021-03-31 14:00:00','2021-03-31','2','-10000',0,NULL,NULL),(163,5,1631,1,1627,'2021-04-07 13:00:00','2021-04-07 14:00:00','2021-04-07','1','-12000',0,NULL,NULL),(164,5,1651,1,1647,'2021-01-13 16:30:00','2021-01-13 17:30:00','2021-01-13','12','10000',1,1,1),(165,5,1651,1,1647,'2021-01-20 16:30:00','2021-01-20 17:30:00','2021-01-20','11','8000',1,1,1),(166,5,1651,1,1647,'2021-01-27 16:30:00','2021-01-27 17:30:00','2021-01-27','10','6000',1,1,1),(167,5,1651,1,1647,'2021-02-03 16:30:00','2021-02-03 17:30:00','2021-02-03','9','4000',1,1,1),(168,5,1651,1,1647,'2021-02-10 16:30:00','2021-02-10 17:30:00','2021-02-10','8','2000',1,NULL,NULL),(169,5,1651,1,1647,'2021-02-17 16:30:00','2021-02-17 17:30:00','2021-02-17','7','0',1,NULL,NULL),(170,5,1651,1,1647,'2021-02-24 16:30:00','2021-02-24 17:30:00','2021-02-24','6','-2000',0,NULL,NULL),(171,5,1651,1,1647,'2021-03-03 16:30:00','2021-03-03 17:30:00','2021-03-03','5','-4000',0,NULL,NULL),(172,5,1651,1,1647,'2021-03-10 16:30:00','2021-03-10 17:30:00','2021-03-10','4','-6000',0,NULL,NULL),(173,5,1651,1,1647,'2021-03-17 16:30:00','2021-03-17 17:30:00','2021-03-17','3','-8000',0,NULL,NULL),(174,5,1651,1,1647,'2021-03-24 16:30:00','2021-03-24 17:30:00','2021-03-24','2','-10000',0,NULL,NULL),(175,5,1651,1,1647,'2021-03-31 16:30:00','2021-03-31 17:30:00','2021-03-31','1','-12000',0,NULL,NULL),(176,5,2326,1,2328,'2021-01-20 18:30:00','2021-01-20 19:30:00','2021-01-20','12','10000',1,1,1),(177,5,2326,1,2328,'2021-01-24 19:00:00','2021-01-24 20:05:00','2021-01-24','11','8000',1,1,1),(178,5,2326,1,2328,'2021-01-27 18:30:00','2021-01-27 19:30:00','2021-01-27','10','6000',1,1,1),(179,5,2326,1,2328,'2021-01-31 19:00:00','2021-01-31 20:00:00','2021-01-31','9','4000',1,1,1),(180,5,2326,1,2328,'2021-02-03 18:30:00','2021-02-03 19:30:00','2021-02-03','8','2000',1,1,1),(181,5,2326,1,2328,'2021-02-07 19:00:00','2021-02-07 20:00:00','2021-02-07','7','0',1,1,1),(182,5,2326,1,2328,'2021-02-10 18:30:00','2021-02-10 19:30:00','2021-02-10','6','-2000',0,1,1),(183,5,2326,1,2328,'2021-02-14 19:00:00','2021-02-14 20:00:00','2021-02-14','5','-4000',0,NULL,NULL),(184,5,2326,1,2328,'2021-02-17 18:45:00','2021-02-17 19:35:00','2021-02-17','4','-6000',0,NULL,NULL),(185,5,2326,1,2328,'2021-02-21 19:00:00','2021-02-21 20:00:00','2021-02-21','3','-8000',0,NULL,NULL),(186,5,2326,1,2328,'2021-02-24 18:30:00','2021-02-24 19:30:00','2021-02-24','2','-10000',0,NULL,NULL),(187,5,2326,1,2328,'2021-02-28 19:00:00','2021-02-28 20:00:00','2021-02-28','1','-12000',0,NULL,NULL),(188,5,1657,1,1653,'2021-01-08 08:00:00','2021-01-08 09:00:00','2021-01-08','12','10000',1,1,1),(189,5,1657,1,1653,'2021-01-15 08:00:00','2021-01-15 09:00:00','2021-01-15','11','8000',1,1,1),(190,5,1657,1,1653,'2021-01-22 08:00:00','2021-01-22 09:00:00','2021-01-22','10','6000',1,1,1),(191,5,1657,1,1653,'2021-01-29 08:00:00','2021-01-29 09:00:00','2021-01-29','9','4000',1,1,1),(192,5,1657,1,1653,'2021-02-05 08:00:00','2021-02-05 09:00:00','2021-02-05','8','2000',1,1,1),(193,5,1657,1,1653,'2021-02-12 08:00:00','2021-02-12 09:00:00','2021-02-12','7','0',1,NULL,NULL),(194,5,1657,1,1653,'2021-02-19 08:00:00','2021-02-19 09:00:00','2021-02-19','6','-2000',0,NULL,NULL),(195,5,1657,1,1653,'2021-02-26 08:00:00','2021-02-26 09:00:00','2021-02-26','5','-4000',0,NULL,NULL),(196,5,1657,1,1653,'2021-03-05 08:00:00','2021-03-05 09:00:00','2021-03-05','4','-6000',0,NULL,NULL),(197,5,1657,1,1653,'2021-03-12 08:00:00','2021-03-12 09:00:00','2021-03-12','3','-8000',0,NULL,NULL),(198,5,1657,1,1653,'2021-03-19 08:00:00','2021-03-19 09:00:00','2021-03-19','2','-10000',0,NULL,NULL),(199,5,1657,1,1653,'2021-03-26 08:00:00','2021-03-26 09:00:00','2021-03-26','1','-12000',0,NULL,NULL),(200,5,2327,1,2329,'2021-01-13 17:30:00','2021-01-13 18:30:00','2021-01-13','12','10000',1,1,1),(201,5,2327,1,2329,'2021-01-20 17:30:00','2021-01-20 18:30:00','2021-01-20','11','8000',1,1,1),(202,5,2327,1,2329,'2021-01-27 17:30:00','2021-01-27 18:30:00','2021-01-27','10','6000',1,1,1),(203,5,2327,1,2329,'2021-02-03 17:30:00','2021-02-03 18:30:00','2021-02-03','9','4000',1,1,1),(204,5,2327,1,2329,'2021-02-10 17:30:00','2021-02-10 18:30:00','2021-02-10','8','2000',1,NULL,NULL),(205,5,2327,1,2329,'2021-02-17 17:30:00','2021-02-17 18:30:00','2021-02-17','7','0',1,NULL,NULL),(206,5,2327,1,2329,'2021-02-24 17:30:00','2021-02-24 18:30:00','2021-02-24','6','-2000',0,NULL,NULL),(207,5,2327,1,2329,'2021-03-03 17:30:00','2021-03-03 18:30:00','2021-03-03','5','-4000',0,NULL,NULL),(208,5,2327,1,2329,'2021-03-10 17:30:00','2021-03-10 18:30:00','2021-03-10','4','-6000',0,NULL,NULL),(209,5,2327,1,2329,'2021-03-17 17:30:00','2021-03-17 18:30:00','2021-03-17','3','-8000',0,NULL,NULL),(210,5,2327,1,2329,'2021-03-24 17:30:00','2021-03-24 18:30:00','2021-03-24','2','-10000',0,NULL,NULL),(211,5,2327,1,2329,'2021-03-31 17:30:00','2021-03-31 18:30:00','2021-03-31','1','-12000',0,NULL,NULL),(212,5,2328,2,2331,'2021-02-10 12:00:00','2021-02-10 12:45:00','2021-02-10','12','4500',1,NULL,NULL),(213,5,2328,2,2331,'2021-02-17 12:00:00','2021-02-17 12:45:00','2021-02-17','11','3000',1,NULL,NULL),(214,5,2328,2,2331,'2021-02-24 12:00:00','2021-02-24 12:45:00','2021-02-24','10','1500',1,NULL,NULL),(215,5,2328,2,2331,'2021-03-03 12:00:00','2021-03-03 12:45:00','2021-03-03','9','0',1,NULL,NULL),(216,5,2328,2,2331,'2021-03-10 12:00:00','2021-03-10 12:45:00','2021-03-10','8','-1500',0,NULL,NULL),(217,5,2328,2,2331,'2021-03-17 12:00:00','2021-03-17 12:45:00','2021-03-17','7','-3000',0,NULL,NULL),(218,5,2328,2,2331,'2021-03-24 12:00:00','2021-03-24 12:45:00','2021-03-24','6','-4500',0,NULL,NULL),(219,5,2328,2,2331,'2021-03-31 12:00:00','2021-03-31 12:45:00','2021-03-31','5','-6000',0,NULL,NULL),(220,5,2328,2,2331,'2021-04-07 12:00:00','2021-04-07 12:45:00','2021-04-07','4','-7500',0,NULL,NULL),(221,5,2328,2,2331,'2021-04-14 12:00:00','2021-04-14 12:45:00','2021-04-14','3','-9000',0,NULL,NULL),(222,5,2328,2,2331,'2021-04-21 12:00:00','2021-04-21 12:45:00','2021-04-21','2','-10500',0,NULL,NULL),(223,5,2328,2,2331,'2021-04-28 12:00:00','2021-04-28 12:45:00','2021-04-28','1','-12000',0,NULL,NULL),(224,5,3,1,1,'2021-01-12 10:50:00','2021-01-12 11:50:00','2021-01-12','12','10000',1,1,1),(225,5,3,1,1,'2021-01-26 10:50:00','2021-01-26 10:50:00','2021-01-26','11','8000',1,1,1),(226,5,3,1,1,'2021-01-19 10:50:00','2021-01-19 11:50:00','2021-01-19','10','6000',1,NULL,NULL),(227,5,3,1,1,'2021-02-09 10:50:00','2021-02-09 10:50:00','2021-02-09','9','4000',1,NULL,NULL),(228,5,3,1,1,'2021-02-16 10:50:00','2021-02-16 10:50:00','2021-02-16','8','2000',1,NULL,NULL),(229,5,3,1,1,'2021-02-23 10:50:00','2021-02-23 10:50:00','2021-02-23','7','0',1,NULL,NULL),(230,5,3,1,1,'2021-03-02 10:50:00','2021-03-02 10:50:00','2021-03-02','6','-2000',0,NULL,NULL),(231,5,3,1,1,'2021-03-09 10:50:00','2021-03-09 10:50:00','2021-03-09','5','-4000',0,NULL,NULL),(232,5,3,1,1,'2021-03-16 10:50:00','2021-03-16 10:50:00','2021-03-16','4','-6000',0,NULL,NULL),(233,5,3,1,1,'2021-03-23 10:50:00','2021-03-23 10:50:00','2021-03-23','3','-8000',0,NULL,NULL),(234,5,3,1,1,'2021-03-30 10:50:00','2021-03-30 10:50:00','2021-03-30','2','-10000',0,NULL,NULL),(235,5,3,1,1,'2021-04-06 10:50:00','2021-04-06 10:50:00','2021-04-06','1','-12000',0,NULL,NULL),(308,5,1343,1,1339,'2021-02-21 15:00:00','2021-02-21 16:00:00','2021-02-21','11','2000',1,NULL,NULL),(309,5,1343,1,1339,'2021-02-22 15:00:00','2021-02-22 16:00:00','2021-02-22','10','0',1,NULL,NULL),(310,5,1343,1,1339,'2021-02-24 15:00:00','2021-02-24 16:00:00','2021-02-24','9','-2000',0,NULL,NULL),(311,5,1343,1,1339,'2021-02-28 15:00:00','2021-02-28 16:00:00','2021-02-28','8','-4000',0,NULL,NULL),(312,5,1343,1,1339,'2021-03-01 15:00:00','2021-03-01 16:00:00','2021-03-01','7','-6000',0,NULL,NULL),(313,5,1343,1,1339,'2021-03-03 15:00:00','2021-03-03 16:00:00','2021-03-03','6','-8000',0,NULL,NULL),(314,5,1343,1,1339,'2021-03-07 15:00:00','2021-03-07 16:00:00','2021-03-07','5','-10000',0,NULL,NULL),(315,5,1343,1,1339,'2021-03-08 15:00:00','2021-03-08 16:00:00','2021-03-08','4','-12000',0,NULL,NULL),(316,5,1343,1,1339,'2021-03-10 15:00:00','2021-03-10 16:00:00','2021-03-10','3','-14000',0,NULL,NULL),(317,5,1343,1,1339,'2021-03-14 15:00:00','2021-03-14 16:00:00','2021-03-14','2','-16000',0,NULL,NULL),(318,5,1343,1,1339,'2021-03-15 15:00:00','2021-03-15 16:00:00','2021-03-15','1','-18000',0,NULL,NULL),(319,5,1343,1,1339,'2021-03-17 15:00:00','2021-03-17 16:00:00','2021-03-17','0','-20000',0,NULL,NULL),(454,6,2329,1,2332,'2021-01-13 07:00:00','2021-01-13 08:00:00','2021-01-13','12','6600',0,NULL,NULL),(455,6,2329,1,2332,'2021-01-18 09:00:00','2021-01-18 10:00:00','2021-01-18','11','6600',0,NULL,NULL),(456,6,2329,1,2332,'2021-01-20 07:00:00','2021-01-20 08:00:00','2021-01-20','10','6600',0,NULL,NULL),(457,6,2329,1,2332,'2021-01-25 09:00:00','2021-01-25 10:00:00','2021-01-25','9','6600',0,NULL,NULL),(458,6,2329,1,2332,'2021-01-27 07:00:00','2021-01-27 08:00:00','2021-01-27','8','6600',0,NULL,NULL),(459,6,2329,1,2332,'2021-02-01 09:00:00','2021-02-01 10:00:00','2021-02-01','7','6600',0,NULL,NULL),(460,6,2329,1,2332,'2021-02-03 07:00:00','2021-02-03 08:00:00','2021-02-03','6','6600',0,NULL,NULL),(461,6,2329,1,2332,'2021-02-08 09:00:00','2021-02-08 10:00:00','2021-02-08','5','6600',0,NULL,NULL),(462,6,2329,1,2332,'2021-02-10 07:00:00','2021-02-10 08:00:00','2021-02-10','4','6600',0,NULL,NULL),(463,6,2329,1,2332,'2021-02-15 09:00:00','2021-02-15 10:00:00','2021-02-15','3','6600',0,NULL,NULL),(464,6,2329,1,2332,'2021-02-17 07:00:00','2021-02-17 08:00:00','2021-02-17','2','6600',0,NULL,NULL),(465,6,2329,1,2332,'2021-02-22 09:00:00','2021-02-22 10:00:00','2021-02-22','1','6600',0,NULL,NULL),(478,6,2322,1,2318,'2021-02-18 07:00:00','2021-02-18 08:00:00','2021-02-18','12','-2000',0,NULL,NULL),(479,6,2322,1,2318,'2021-02-21 07:00:00','2021-02-21 08:00:00','2021-02-21','11','-4000',0,NULL,NULL),(480,6,2322,1,2318,'2021-02-25 07:00:00','2021-02-25 08:00:00','2021-02-25','10','-6000',0,NULL,NULL),(481,6,2322,1,2318,'2021-02-28 07:00:00','2021-02-28 08:00:00','2021-02-28','9','-8000',0,NULL,NULL),(482,6,2322,1,2318,'2021-03-04 07:00:00','2021-03-04 08:00:00','2021-03-04','8','-10000',0,NULL,NULL),(483,6,2322,1,2318,'2021-03-07 07:00:00','2021-03-07 08:00:00','2021-03-07','7','-12000',0,NULL,NULL),(484,6,2322,1,2318,'2021-03-11 07:00:00','2021-03-11 08:00:00','2021-03-11','6','-14000',0,NULL,NULL),(485,6,2322,1,2318,'2021-03-14 07:00:00','2021-03-14 08:00:00','2021-03-14','5','-16000',0,NULL,NULL),(486,6,2322,1,2318,'2021-03-18 07:00:00','2021-03-18 08:00:00','2021-03-18','4','-18000',0,NULL,NULL),(487,6,2322,1,2318,'2021-03-21 07:00:00','2021-03-21 08:00:00','2021-03-21','3','-20000',0,NULL,NULL),(488,6,2322,1,2318,'2021-03-25 07:00:00','2021-03-25 08:00:00','2021-03-25','2','-22000',0,NULL,NULL),(489,6,2322,1,2318,'2021-03-28 07:00:00','2021-03-28 08:00:00','2021-03-28','1','-24000',0,NULL,NULL),(490,6,1631,1,2330,'2021-02-18 07:00:00','2021-02-18 08:00:00','2021-02-18','12','-2000',0,NULL,NULL),(491,6,1631,1,2330,'2021-02-21 07:00:00','2021-02-21 08:00:00','2021-02-21','11','-4000',0,NULL,NULL),(492,6,1631,1,2330,'2021-02-25 07:00:00','2021-02-25 08:00:00','2021-02-25','10','-6000',0,NULL,NULL),(493,6,1631,1,2330,'2021-02-28 07:00:00','2021-02-28 08:00:00','2021-02-28','9','-8000',0,NULL,NULL),(494,6,1631,1,2330,'2021-03-04 07:00:00','2021-03-04 08:00:00','2021-03-04','8','-10000',0,NULL,NULL),(495,6,1631,1,2330,'2021-03-07 07:00:00','2021-03-07 08:00:00','2021-03-07','7','-12000',0,NULL,NULL),(496,6,1631,1,2330,'2021-03-11 07:00:00','2021-03-11 08:00:00','2021-03-11','6','-14000',0,NULL,NULL),(497,6,1631,1,2330,'2021-03-14 07:00:00','2021-03-14 08:00:00','2021-03-14','5','-16000',0,NULL,NULL),(498,6,1631,1,2330,'2021-03-18 07:00:00','2021-03-18 08:00:00','2021-03-18','4','-18000',0,NULL,NULL),(499,6,1631,1,2330,'2021-03-21 07:00:00','2021-03-21 08:00:00','2021-03-21','3','-20000',0,NULL,NULL),(500,6,1631,1,2330,'2021-03-25 07:00:00','2021-03-25 08:00:00','2021-03-25','2','-22000',0,NULL,NULL),(501,6,1631,1,2330,'2021-03-28 07:00:00','2021-03-28 08:00:00','2021-03-28','1','-24000',0,NULL,NULL),(502,6,1660,1,1656,'2021-02-18 07:00:00','2021-02-18 08:00:00','2021-02-18','12','-2000',0,NULL,NULL),(503,6,1660,1,1656,'2021-02-21 07:00:00','2021-02-21 08:00:00','2021-02-21','11','-4000',0,NULL,NULL),(504,6,1660,1,1656,'2021-02-25 07:00:00','2021-02-25 08:00:00','2021-02-25','10','-6000',0,NULL,NULL),(505,6,1660,1,1656,'2021-02-28 07:00:00','2021-02-28 08:00:00','2021-02-28','9','-8000',0,NULL,NULL),(506,6,1660,1,1656,'2021-03-04 07:00:00','2021-03-04 08:00:00','2021-03-04','8','-10000',0,NULL,NULL),(507,6,1660,1,1656,'2021-03-07 07:00:00','2021-03-07 08:00:00','2021-03-07','7','-12000',0,NULL,NULL),(508,6,1660,1,1656,'2021-03-11 07:00:00','2021-03-11 08:00:00','2021-03-11','6','-14000',0,NULL,NULL),(509,6,1660,1,1656,'2021-03-14 07:00:00','2021-03-14 08:00:00','2021-03-14','5','-16000',0,NULL,NULL),(510,6,1660,1,1656,'2021-03-18 07:00:00','2021-03-18 08:00:00','2021-03-18','4','-18000',0,NULL,NULL),(511,6,1660,1,1656,'2021-03-21 07:00:00','2021-03-21 08:00:00','2021-03-21','3','-20000',0,NULL,NULL),(512,6,1660,1,1656,'2021-03-25 07:00:00','2021-03-25 08:00:00','2021-03-25','2','-22000',0,NULL,NULL),(513,6,1660,1,1656,'2021-03-28 07:00:00','2021-03-28 08:00:00','2021-03-28','1','-24000',0,NULL,NULL),(514,6,1659,1,1655,'2021-02-18 07:00:00','2021-02-18 08:00:00','2021-02-18','12','-2000',0,NULL,NULL),(515,6,1659,1,1655,'2021-02-21 07:00:00','2021-02-21 08:00:00','2021-02-21','11','-4000',0,NULL,NULL),(516,6,1659,1,1655,'2021-02-25 07:00:00','2021-02-25 08:00:00','2021-02-25','10','-6000',0,NULL,NULL),(517,6,1659,1,1655,'2021-02-28 07:00:00','2021-02-28 08:00:00','2021-02-28','9','-8000',0,NULL,NULL),(518,6,1659,1,1655,'2021-03-04 07:00:00','2021-03-04 08:00:00','2021-03-04','8','-10000',0,NULL,NULL),(519,6,1659,1,1655,'2021-03-07 07:00:00','2021-03-07 08:00:00','2021-03-07','7','-12000',0,NULL,NULL),(520,6,1659,1,1655,'2021-03-11 07:00:00','2021-03-11 08:00:00','2021-03-11','6','-14000',0,NULL,NULL),(521,6,1659,1,1655,'2021-03-14 07:00:00','2021-03-14 08:00:00','2021-03-14','5','-16000',0,NULL,NULL),(522,6,1659,1,1655,'2021-03-18 07:00:00','2021-03-18 08:00:00','2021-03-18','4','-18000',0,NULL,NULL),(523,6,1659,1,1655,'2021-03-21 07:00:00','2021-03-21 08:00:00','2021-03-21','3','-20000',0,NULL,NULL),(524,6,1659,1,1655,'2021-03-25 07:00:00','2021-03-25 08:00:00','2021-03-25','2','-22000',0,NULL,NULL),(525,6,1659,1,1655,'2021-03-28 07:00:00','2021-03-28 08:00:00','2021-03-28','1','-24000',0,NULL,NULL),(526,6,1658,1,1654,'2021-02-18 07:00:00','2021-02-18 08:00:00','2021-02-18','12','-2000',0,NULL,NULL),(527,6,1658,1,1654,'2021-02-21 07:00:00','2021-02-21 08:00:00','2021-02-21','11','-4000',0,NULL,NULL),(528,6,1658,1,1654,'2021-02-25 07:00:00','2021-02-25 08:00:00','2021-02-25','10','-6000',0,NULL,NULL),(529,6,1658,1,1654,'2021-02-28 07:00:00','2021-02-28 08:00:00','2021-02-28','9','-8000',0,NULL,NULL),(530,6,1658,1,1654,'2021-03-04 07:00:00','2021-03-04 08:00:00','2021-03-04','8','-10000',0,NULL,NULL),(531,6,1658,1,1654,'2021-03-07 07:00:00','2021-03-07 08:00:00','2021-03-07','7','-12000',0,NULL,NULL),(532,6,1658,1,1654,'2021-03-11 07:00:00','2021-03-11 08:00:00','2021-03-11','6','-14000',0,NULL,NULL),(533,6,1658,1,1654,'2021-03-14 07:00:00','2021-03-14 08:00:00','2021-03-14','5','-16000',0,NULL,NULL),(534,6,1658,1,1654,'2021-03-18 07:00:00','2021-03-18 08:00:00','2021-03-18','4','-18000',0,NULL,NULL),(535,6,1658,1,1654,'2021-03-21 07:00:00','2021-03-21 08:00:00','2021-03-21','3','-20000',0,NULL,NULL),(536,6,1658,1,1654,'2021-03-25 07:00:00','2021-03-25 08:00:00','2021-03-25','2','-22000',0,NULL,NULL),(537,6,1658,1,1654,'2021-03-28 07:00:00','2021-03-28 08:00:00','2021-03-28','1','-24000',0,NULL,NULL),(538,6,1647,1,1652,'1970-01-01 07:08:00','1970-01-01 08:08:00','2021-02-18','12','-2000',0,NULL,NULL),(539,6,1647,1,1643,'2021-02-21 07:00:00','2021-02-21 08:00:00','2021-02-21','11','-4000',0,NULL,NULL),(540,6,1647,1,1643,'2021-02-25 07:00:00','2021-02-25 08:00:00','2021-02-25','10','-6000',0,NULL,NULL),(541,6,1647,1,1643,'2021-02-28 07:00:00','2021-02-28 08:00:00','2021-02-28','9','-8000',0,NULL,NULL),(542,6,1647,1,1643,'2021-03-04 07:00:00','2021-03-04 08:00:00','2021-03-04','8','-10000',0,NULL,NULL),(543,6,1647,1,1643,'2021-03-07 07:00:00','2021-03-07 08:00:00','2021-03-07','7','-12000',0,NULL,NULL),(544,6,1647,1,1643,'2021-03-11 07:00:00','2021-03-11 08:00:00','2021-03-11','6','-14000',0,NULL,NULL),(545,6,1647,1,1643,'2021-03-14 07:00:00','2021-03-14 08:00:00','2021-03-14','5','-16000',0,NULL,NULL),(546,6,1647,1,1643,'2021-03-18 07:00:00','2021-03-18 08:00:00','2021-03-18','4','-18000',0,NULL,NULL),(547,6,1647,1,1643,'2021-03-21 07:00:00','2021-03-21 08:00:00','2021-03-21','3','-20000',0,NULL,NULL),(548,6,1647,1,1643,'2021-03-25 07:00:00','2021-03-25 08:00:00','2021-03-25','2','-22000',0,NULL,NULL),(549,6,1647,1,2317,'1970-01-01 07:04:00','1970-01-01 08:04:00','2021-03-28','12','-24000',0,NULL,NULL);
/*!40000 ALTER TABLE `session` ENABLE KEYS */;
UNLOCK TABLES;

--
-- Table structure for table `student_user_data`
--

DROP TABLE IF EXISTS `student_user_data`;
/*!40101 SET @saved_cs_client     = @@character_set_client */;
/*!50503 SET character_set_client = utf8mb4 */;
CREATE TABLE `student_user_data` (
  `id` int NOT NULL AUTO_INCREMENT,
  `lessonmode` varchar(255) CHARACTER SET utf8mb4 COLLATE utf8mb4_unicode_ci DEFAULT NULL,
  `phone` varchar(255) CHARACTER SET utf8mb4 COLLATE utf8mb4_unicode_ci DEFAULT NULL,
  `age` varchar(255) CHARACTER SET utf8mb4 COLLATE utf8mb4_unicode_ci DEFAULT NULL,
  `branch` varchar(255) CHARACTER SET utf8mb4 COLLATE utf8mb4_unicode_ci DEFAULT NULL,
  `sex` varchar(255) CHARACTER SET utf8mb4 COLLATE utf8mb4_unicode_ci DEFAULT NULL,
  `nextofkinname` varchar(255) CHARACTER SET utf8mb4 COLLATE utf8mb4_unicode_ci DEFAULT NULL,
  `nextofkinphonenum` varchar(255) CHARACTER SET utf8mb4 COLLATE utf8mb4_unicode_ci DEFAULT NULL,
  `nextofkinemail` varchar(255) CHARACTER SET utf8mb4 COLLATE utf8mb4_unicode_ci DEFAULT NULL,
  `nextofkinrship` varchar(255) CHARACTER SET utf8mb4 COLLATE utf8mb4_unicode_ci DEFAULT NULL,
  PRIMARY KEY (`id`)
) ENGINE=InnoDB AUTO_INCREMENT=2326 DEFAULT CHARSET=utf8mb4 COLLATE=utf8mb4_unicode_ci;
/*!40101 SET character_set_client = @saved_cs_client */;

--
-- Dumping data for table `student_user_data`
--

LOCK TABLES `student_user_data` WRITE;
/*!40000 ALTER TABLE `student_user_data` DISABLE KEYS */;
INSERT INTO `student_user_data` VALUES (1,'physical','0702825682','over18','main','male','Milcah Keli','0705437343','milly@mail.com','spouse'),(2,NULL,'0700123456','over18',NULL,'male',NULL,NULL,NULL,NULL),(3,'physical','0700123456','over18','main','male',NULL,NULL,NULL,NULL),(4,NULL,'0705285959',NULL,NULL,NULL,NULL,NULL,NULL,NULL),(1324,NULL,'0710845912',NULL,NULL,NULL,'Caroline Wambui','0710845912','wambui.carol@gmail.com',NULL),(1325,NULL,'0722501359',NULL,NULL,NULL,'Not Set3','0722761076','Not Set3',NULL),(1326,NULL,'0715664991',NULL,NULL,NULL,'Winfred Wanjiru Mathenge','0720687886','Not Set4',NULL),(1327,NULL,'0722228891',NULL,NULL,NULL,'Not Set5','Not Set5','Not Set5',NULL),(1328,NULL,'0721218231',NULL,NULL,NULL,'Kiragu Wachira','Not Set6','Not Set6',NULL),(1329,NULL,'0703337371',NULL,NULL,NULL,'Caroline Nyongesa','0720565665','carolnyongesa@gmail.com',NULL),(1330,NULL,'Not Set8',NULL,NULL,NULL,'Not Set8','Not Set8','Not Set8',NULL),(1331,NULL,'0713255141',NULL,NULL,NULL,'Ben Ambani','0729092490','manjanographics@gmail.com',NULL),(1332,NULL,'0714774766',NULL,NULL,NULL,'Moses Mahia','Not Set10','muthamahia@gmail.com',NULL),(1333,NULL,'0722615257',NULL,NULL,NULL,'Evelyne Wamae','0722615257','ewamae@gmail.com',NULL),(1334,NULL,'Not Set12',NULL,NULL,NULL,'Not Set12','Not Set12','Not Set12',NULL),(1335,NULL,'0705440131',NULL,NULL,NULL,'Not Set13','Not Set13','Not Set13',NULL),(1336,NULL,'0721680105',NULL,NULL,NULL,'Not Set14','Not Set14','Not Set14',NULL),(1337,NULL,'0746106080',NULL,NULL,NULL,'Stephen Mururu','0721851161','Not Set15',NULL),(1338,NULL,'Not Set16',NULL,NULL,NULL,'John Githua Njoroge','0722991697','githuanjeri@yahoo.com',NULL),(1339,NULL,'Not Set17',NULL,NULL,NULL,'Not Set17','Not Set17','Not Set17',NULL),(1340,NULL,'0722588059',NULL,NULL,NULL,'Not Set18','Not Set18','Not Set18',NULL),(1341,NULL,'0723229443',NULL,NULL,NULL,'Roseline Nduta Muchai','Not Set19','roseline.muchai@gmail.com',NULL),(1342,NULL,'0722552698',NULL,NULL,NULL,'Not Set20','Not Set20','Not Set20',NULL),(1343,NULL,'0722459953',NULL,NULL,NULL,'Not Set21','Not Set21','Not Set21',NULL),(1344,NULL,'Not Set22',NULL,NULL,NULL,'Not Set22','Not Set22','Not Set22',NULL),(1345,NULL,'0719176337',NULL,NULL,NULL,'Sally Ngacha','0720378992','salingasha@gmail.com',NULL),(1346,NULL,'Not Set24',NULL,NULL,NULL,'Not Set24','Not Set24','Not Set24',NULL),(1347,NULL,'Not Set25',NULL,NULL,NULL,'Not Set25','Not Set25','Not Set25',NULL),(1348,NULL,'0722459953',NULL,NULL,NULL,'Not Set26','Not Set26','Not Set26',NULL),(1349,NULL,'0734484622',NULL,NULL,NULL,'Sigrid Kuehlke','Not Set27','Not Set27',NULL),(1350,NULL,'0727884042',NULL,NULL,NULL,'Joseph Omondi Nyatodi','0722714408','Not Set28',NULL),(1351,NULL,'nil',NULL,NULL,NULL,'James /Mary Munge','07225646814/0721280252','mungewamunge@gmail.com',NULL),(1352,NULL,'0702292389',NULL,NULL,NULL,'Geoffrey Mutua Munywoki','0721701030','munywoki.f@gmail.com',NULL),(1353,NULL,'0713301075',NULL,NULL,NULL,'Moses Muriuki Macharia','0721360012','machariamuriukim@gmail.com',NULL),(1354,NULL,'0717101893',NULL,NULL,NULL,'Zack Lukoba','0721845207','Not Set32',NULL),(1355,NULL,'0722106034',NULL,NULL,NULL,'Stephen Muchina','0727258640','Not Set33',NULL),(1356,NULL,'0780481308',NULL,NULL,NULL,'Alice Wairimu Njoka','0726782955','Not Set34',NULL),(1357,NULL,'0726846579',NULL,NULL,NULL,'Judith Moikut','0720666186','judithmoikut@gmail.com',NULL),(1358,NULL,'0720275427',NULL,NULL,NULL,'Zipporah Wanjiru','Not Set36','Not Set36',NULL),(1359,NULL,'0718998180',NULL,NULL,NULL,'John Thige Muhinja','0722897633','johnmuhinja@gmail.com',NULL),(1360,NULL,'Not Set38',NULL,NULL,NULL,'Not Set38','Not Set38','Not Set38',NULL),(1361,NULL,'0702319383',NULL,NULL,NULL,'Not Set39','Not Set39','Not Set39',NULL),(1362,NULL,'0715243870',NULL,NULL,NULL,'Catherine Njeri ','0722485739','Mcathy007@gmail.com ',NULL),(1363,NULL,'0700513381',NULL,NULL,NULL,'Germano Mwiga Mwabu','0721565387','gmwabu@gmail.com',NULL),(1364,'physical','0711564833','over18','main','male','George Mwaura','0700808375','Not Set42','parent'),(1365,NULL,'0727167220',NULL,NULL,NULL,'Moyo Kabeya ','0715558067','yojtamk@gmail.com',NULL),(1366,NULL,'0724767430',NULL,NULL,NULL,'Not Set44','Not Set44','Not Set44',NULL),(1367,NULL,'0737594960',NULL,NULL,NULL,'Matthew Kabetu Njoroge','Not Set45','mattbelu@gmail.com',NULL),(1368,NULL,'0721368448',NULL,NULL,NULL,'Cecilia Wanja Maina ','0722436244','cwanjamaina@yahoo.com',NULL),(1369,NULL,'0790563178',NULL,NULL,NULL,'Emmanuel Bakirdjian','0743319458','bakirdjian@gmail.com',NULL),(1370,NULL,'0721909922',NULL,NULL,NULL,'Not Set48','Not Set48','Not Set48',NULL),(1371,NULL,'0723812770',NULL,NULL,NULL,'Caroline Mwihaki Njenga ','0704382314','Not Set49',NULL),(1372,NULL,'0740951743',NULL,NULL,NULL,'Maryanne Njoki Kinuthia ','0740951743','Not Set50',NULL),(1373,NULL,'0720874999',NULL,NULL,NULL,'Caroline Nybate Otondi','0720663279','Not Set51',NULL),(1374,NULL,'0707678298',NULL,NULL,NULL,'Eric Kibinu Kinuthia ','0721367621','Not Set52',NULL),(1375,NULL,'0716299305',NULL,NULL,NULL,'John Munene ','0723727343','Not Set53',NULL),(1376,NULL,'0797242452',NULL,NULL,NULL,'Not Set54','Not Set54','Not Set54',NULL),(1377,NULL,'0799695554',NULL,NULL,NULL,'Peris Nyaboke Oroko','0724585037','mongareperis@yahoo.com',NULL),(1378,NULL,'0716383137',NULL,NULL,NULL,'Peter Kiarie Kogi','0723379105','kyaliekogi45@gmail.com',NULL),(1379,NULL,'0716383137',NULL,NULL,NULL,'Peter Kiarie Kogi','0723379105','kyaliekogi45@gmail.com',NULL),(1380,NULL,'0771230036',NULL,NULL,NULL,'Judy Machuka','0724800733','judymachuka@gmail.com',NULL),(1381,NULL,'0795895240',NULL,NULL,NULL,'Silao Muthaura','0711222175','muthauramwarania@gmail.com',NULL),(1382,NULL,'0710680662',NULL,NULL,NULL,'Not Set60','Not Set60','Not Set60',NULL),(1383,NULL,'0701019426',NULL,NULL,NULL,'Prisca Nzau','0722759464','prissynzau@gmail.com',NULL),(1384,NULL,'0721222117',NULL,NULL,NULL,'Not Set62','Not Set62','Not Set62',NULL),(1385,NULL,'0706593209',NULL,NULL,NULL,'Fredrick Juma Werimo','0710489076','Not Set63',NULL),(1386,NULL,'0798529081',NULL,NULL,NULL,'Alex Wesonga','0721529070','alex@trevartexpress.com',NULL),(1387,NULL,'0735066000',NULL,NULL,NULL,'Catherine Namanda Ochoro','0721606021','namandaochoro@gmail.com',NULL),(1388,NULL,'0716545801',NULL,NULL,NULL,'Matthew Njoroge Kabetu','0722750602','kabetumatthew2014@gmail.com',NULL),(1389,NULL,'0745083723',NULL,NULL,NULL,'Christopher Baraza','0712180470','favouredchris@gmail.com',NULL),(1390,NULL,'0773514134',NULL,NULL,NULL,'Susan Wanjiku ','0726244160','Not Set68',NULL),(1391,NULL,'0713710710',NULL,NULL,NULL,'Winnie W. Mburu ','0722311700','ww.kimotho@gmail.com',NULL),(1392,NULL,'0722867023',NULL,NULL,NULL,'Not Set70','Not Set70','Not Set70',NULL),(1393,NULL,'0724567899',NULL,NULL,NULL,'Margaret Musilah','0722559456','margymwaush@gmail.com',NULL),(1394,NULL,'0702705736',NULL,NULL,NULL,'Richard Wanyonyi Sitati','0722755541','richardwsitati@gmail.com',NULL),(1395,NULL,'0754422162',NULL,NULL,NULL,'Isaac Maingi ','Not Set73','Not Set73',NULL),(1396,NULL,'0721694037',NULL,NULL,NULL,'Caroline Achieng ','0717604668','Not Set74',NULL),(1397,NULL,'0710850833',NULL,NULL,NULL,'Doreen Nzula','0725382549','Not Set75',NULL),(1398,NULL,'0722919725',NULL,NULL,NULL,'Sophie Ngunjiri ','0722353169','Not Set76',NULL),(1399,NULL,'0721959914',NULL,NULL,NULL,'John Kyalo ','0722285352','john.kyalo03@yahoo.com',NULL),(1400,NULL,'0726283884',NULL,NULL,NULL,'Norman Njenga ','0726105000','Not Set78',NULL),(1401,NULL,'0721403323',NULL,NULL,NULL,'Mary Wamicha ','Not Set79','Not Set79',NULL),(1402,NULL,'0792952226',NULL,NULL,NULL,'Pierre Moyo ','0715558069','Not Set80',NULL),(1403,NULL,'0729567374',NULL,NULL,NULL,'Not Set81','Not Set81','Not Set81',NULL),(1404,NULL,'0702547762',NULL,NULL,NULL,'Not Set82','Not Set82','Not Set82',NULL),(1405,NULL,'0734643361',NULL,NULL,NULL,'Charity Gichuki','0716988898','charitygichuki@gmail.com',NULL),(1406,NULL,'0705230114',NULL,NULL,NULL,'Aphrodite Smayadi','Not Set84','Not Set84',NULL),(1407,NULL,'0711125893',NULL,NULL,NULL,'Felesia Muyia','0720318949','fmuyia@gamil.com',NULL),(1408,NULL,'0701305183',NULL,NULL,NULL,'Nicholas Wahome','0721957214','faithamani4@gmail.com',NULL),(1409,NULL,'0732643180',NULL,NULL,NULL,'Florence Maina ','0722618070','florencemaina15@gmail.com',NULL),(1410,NULL,'0700403195',NULL,NULL,NULL,'Not Set88','Not Set88','Not Set88',NULL),(1411,'online','0721659589','over18','main','male','Rev. James M. Wainaina Kung\'u','0722637843','bpwaink@gmail.com','other'),(1412,NULL,'0723555488',NULL,NULL,NULL,'Francis Ngari Nyagah','0716800370','Not Set90',NULL),(1413,NULL,'0722496416',NULL,NULL,NULL,'Peter Mbithi Mulili ','0722496416','petermulili4@gmial.com',NULL),(1414,NULL,'0707940187',NULL,NULL,NULL,'Not Set92','Not Set92','Not Set92',NULL),(1415,NULL,'0711497274',NULL,NULL,NULL,'Douglas Kanja Mwaniki ','0724523506','Not Set93',NULL),(1416,NULL,'0728576130',NULL,NULL,NULL,'Faith Wanjiku','Not Set94','wathithafaith@gmail.com',NULL),(1417,NULL,'0711826362',NULL,NULL,NULL,'Boniface Waweru Njenga','0722768571','Not Set95',NULL),(1418,NULL,'0707436798',NULL,NULL,NULL,'Lynett Ong\'era','0721302898','Not Set96',NULL),(1419,NULL,'0792905629',NULL,NULL,NULL,'Not Set97','Not Set97','Not Set97',NULL),(1420,NULL,'0724050140',NULL,NULL,NULL,'Mary Wanjira Wathika','0727617358','Not Set98',NULL),(1421,NULL,'0717223525',NULL,NULL,NULL,'Not Set99','Not Set99','Not Set99',NULL),(1422,NULL,'0722724406',NULL,NULL,NULL,'Stephen Kabetu ','0722724406','Not Set100',NULL),(1423,NULL,'0727981107',NULL,NULL,NULL,'Not Set101','Not Set101','Not Set101',NULL),(1424,NULL,'0727640730',NULL,NULL,NULL,'Hanna Wanjiku','0719256840','Not Set102',NULL),(1425,NULL,'0721999999',NULL,NULL,NULL,'Not Set103','Not Set103','Not Set103',NULL),(1426,NULL,'0722311477',NULL,NULL,NULL,'Joy K. Idagiz ','0722932691','idagizajoy@yahoo.com',NULL),(1427,NULL,'0702219293',NULL,NULL,NULL,'Bernard Oduge ','0722816559','genemedinsure@gmail.com',NULL),(1428,NULL,'0726108680',NULL,NULL,NULL,'Moses Mwangi Mugo','0757306288','Not Set106',NULL),(1429,NULL,'0710651202',NULL,NULL,NULL,'Stephen Karimi Kibiru','0727923357','karimisteve@gmail.com',NULL),(1430,NULL,'0716680560',NULL,NULL,NULL,'Daniel Kagai','0722235215','Not Set108',NULL),(1431,NULL,'0702268053',NULL,NULL,NULL,'Lillian Wambui Ragoi','0710541333','Not Set109',NULL),(1432,NULL,'Not Set110',NULL,NULL,NULL,'Not Set110','Not Set110','Not Set110',NULL),(1433,NULL,'0791561723',NULL,NULL,NULL,'John Mugera Muriuki','0724592757','muriukijohn@yahoo.com',NULL),(1434,NULL,'0722357489',NULL,NULL,NULL,'Wandiri Karimi','Not Set112','Not Set112',NULL),(1435,NULL,'0723456946',NULL,NULL,NULL,'Joanne G. Emmanuel ','0727124182','Not Set113',NULL),(1436,NULL,'0722740205',NULL,NULL,NULL,'Not Set114','Not Set114','Not Set114',NULL),(1437,NULL,'0713990210',NULL,NULL,NULL,'Grace Bazizane Mfuruma','0727796116','Not Set115',NULL),(1438,NULL,'0710620495',NULL,NULL,NULL,'Not Set116','Not Set116','Not Set116',NULL),(1439,NULL,'0741515955',NULL,NULL,NULL,'Rosaline Kasale','0722355773','Not Set117',NULL),(1440,NULL,'0741968845',NULL,NULL,NULL,'Not Set118','Not Set118','Not Set118',NULL),(1441,NULL,'0721606588',NULL,NULL,NULL,'Not Set119','Not Set119','Not Set119',NULL),(1442,NULL,'0702660719',NULL,NULL,NULL,'James Mugambi','0715762252','Not Set120',NULL),(1443,NULL,'0722564814',NULL,NULL,NULL,'Not Set121','Not Set121','Not Set121',NULL),(1444,NULL,'0721375624',NULL,NULL,NULL,'Not Set122','Not Set122','Not Set122',NULL),(1445,NULL,'0714090482',NULL,NULL,NULL,'Not Set123','Not Set123','Not Set123',NULL),(1446,NULL,'0704419599',NULL,NULL,NULL,'Not Set124','Not Set124','Not Set124',NULL),(1447,NULL,'0722627424',NULL,NULL,NULL,'Not Set125','Not Set125','Not Set125',NULL),(1448,NULL,'0722871566',NULL,NULL,NULL,'Not Set126','Not Set126','Not Set126',NULL),(1449,NULL,'0701139475',NULL,NULL,NULL,'Not Set127','Not Set127','Not Set127',NULL),(1450,NULL,'0712624179',NULL,NULL,NULL,'Not Set128','Not Set128','Not Set128',NULL),(1451,NULL,'0733614589',NULL,NULL,NULL,'Not Set129','Not Set129','Not Set129',NULL),(1452,NULL,'0700403195',NULL,NULL,NULL,'Not Set130','Not Set130','Not Set130',NULL),(1453,NULL,'0722754547',NULL,NULL,NULL,'Not Set131','Not Set131','Not Set131',NULL),(1454,NULL,'0715456485',NULL,NULL,NULL,'Not Set132','Not Set132','Not Set132',NULL),(1455,NULL,'0715366458',NULL,NULL,NULL,'Not Set133','Not Set133','Not Set133',NULL),(1456,NULL,'0736927098',NULL,NULL,NULL,'Not Set134','Not Set134','Not Set134',NULL),(1457,NULL,'0797801039',NULL,NULL,NULL,'Not Set135','Not Set135','Not Set135',NULL),(1458,NULL,'0726100648',NULL,NULL,NULL,'Not Set136','Not Set136','Not Set136',NULL),(1459,NULL,'0722696422',NULL,NULL,NULL,'Not Set137','Not Set137','Not Set137',NULL),(1460,NULL,'0792104493',NULL,NULL,NULL,'Not Set138','Not Set138','Not Set138',NULL),(1461,NULL,'0721948164',NULL,NULL,NULL,'Not Set139','Not Set139','Not Set139',NULL),(1462,NULL,'0740768872',NULL,NULL,NULL,'Not Set140','Not Set140','Not Set140',NULL),(1463,NULL,'0783909402',NULL,NULL,NULL,'Not Set141','Not Set141','Not Set141',NULL),(1464,NULL,'0723212289',NULL,NULL,NULL,'Not Set142','Not Set142','Not Set142',NULL),(1465,NULL,'0702220732',NULL,NULL,NULL,'Not Set143','Not Set143','Not Set143',NULL),(1466,NULL,'0796775709',NULL,NULL,NULL,'Not Set144','Not Set144','Not Set144',NULL),(1467,NULL,'0707012364',NULL,NULL,NULL,'Not Set145','Not Set145','Not Set145',NULL),(1468,NULL,'0745659879',NULL,NULL,NULL,'Not Set146','Not Set146','Not Set146',NULL),(1469,NULL,'0725331884',NULL,NULL,NULL,'Not Set147','Not Set147','Not Set147',NULL),(1470,NULL,'0734753840',NULL,NULL,NULL,'Not Set148','Not Set148','Not Set148',NULL),(1471,NULL,'0726896363',NULL,NULL,NULL,'Not Set149','Not Set149','Not Set149',NULL),(1472,NULL,'0706300577',NULL,NULL,NULL,'Not Set150','Not Set150','Not Set150',NULL),(1473,NULL,'0791884760',NULL,NULL,NULL,'Not Set151','Not Set151','Not Set151',NULL),(1474,NULL,'0701178660',NULL,NULL,NULL,'Not Set152','Not Set152','Not Set152',NULL),(1475,NULL,'0724423941',NULL,NULL,NULL,'Not Set153','Not Set153','Not Set153',NULL),(1476,NULL,'0715045841',NULL,NULL,NULL,'Not Set154','Not Set154','Not Set154',NULL),(1477,NULL,'0734948575',NULL,NULL,NULL,'Not Set155','Not Set155','Not Set155',NULL),(1478,NULL,'0790817856',NULL,NULL,NULL,'Not Set156','Not Set156','Not Set156',NULL),(1479,NULL,'Not Set157',NULL,NULL,NULL,'Not Set157','Not Set157','Not Set157',NULL),(1480,NULL,'0710956809',NULL,NULL,NULL,'Not Set158','Not Set158','Not Set158',NULL),(1481,NULL,'0737998285',NULL,NULL,NULL,'Not Set159','Not Set159','Not Set159',NULL),(1482,NULL,'Not Set160',NULL,NULL,NULL,'Not Set160','Not Set160','Not Set160',NULL),(1483,NULL,'0794895269',NULL,NULL,NULL,'Not Set161','Not Set161','Not Set161',NULL),(1484,NULL,'0732271309',NULL,NULL,NULL,'Not Set162','Not Set162','Not Set162',NULL),(1485,NULL,'0723471096',NULL,NULL,NULL,'Not Set163','Not Set163','Not Set163',NULL),(1486,NULL,'0721869759',NULL,NULL,NULL,'Not Set164','Not Set164','Not Set164',NULL),(1487,NULL,'0710450450',NULL,NULL,NULL,'Not Set165','Not Set165','Not Set165',NULL),(1488,NULL,'0722575686',NULL,NULL,NULL,'Not Set166','Not Set166','Not Set166',NULL),(1489,NULL,'0722886431',NULL,NULL,NULL,'Not Set167','Not Set167','Not Set167',NULL),(1490,NULL,'0722793700',NULL,NULL,NULL,'Not Set168','Not Set168','Not Set168',NULL),(1491,NULL,'0711120358',NULL,NULL,NULL,'Not Set169','Not Set169','Not Set169',NULL),(1492,NULL,'0722211312',NULL,NULL,NULL,'Not Set170','Not Set170','Not Set170',NULL),(1493,NULL,'0783218014',NULL,NULL,NULL,'Not Set171','Not Set171','Not Set171',NULL),(1494,NULL,'0700711877',NULL,NULL,NULL,'Not Set172','Not Set172','Not Set172',NULL),(1495,NULL,'0737458606',NULL,NULL,NULL,'Not Set173','Not Set173','Not Set173',NULL),(1496,NULL,'0733604275',NULL,NULL,NULL,'Not Set174','Not Set174','Not Set174',NULL),(1497,NULL,'0722439733',NULL,NULL,NULL,'Not Set175','Not Set175','Not Set175',NULL),(1498,NULL,'0706358574',NULL,NULL,NULL,'Not Set176','Not Set176','Not Set176',NULL),(1499,NULL,'0722620305',NULL,NULL,NULL,'Not Set177','Not Set177','Not Set177',NULL),(1500,NULL,'0734052568',NULL,NULL,NULL,'Not Set178','Not Set178','Not Set178',NULL),(1501,NULL,'0737489394',NULL,NULL,NULL,'Not Set179','Not Set179','Not Set179',NULL),(1502,NULL,'0705539017',NULL,NULL,NULL,'Not Set180','Not Set180','Not Set180',NULL),(1503,NULL,'0701778584',NULL,NULL,NULL,'Not Set181','Not Set181','Not Set181',NULL),(1504,NULL,'0722527012',NULL,NULL,NULL,'Not Set182','Not Set182','Not Set182',NULL),(1505,NULL,'0706629868',NULL,NULL,NULL,'Not Set183','Not Set183','Not Set183',NULL),(1506,NULL,'0780481308',NULL,NULL,NULL,'Not Set184','Not Set184','Not Set184',NULL),(1507,NULL,'0720368448',NULL,NULL,NULL,'Not Set185','Not Set185','Not Set185',NULL),(1508,NULL,'0722572014',NULL,NULL,NULL,'Not Set186','Not Set186','Not Set186',NULL),(1509,NULL,'0720402612',NULL,NULL,NULL,'Not Set187','Not Set187','Not Set187',NULL),(1510,NULL,'0723874097',NULL,NULL,NULL,'Not Set188','Not Set188','Not Set188',NULL),(1511,NULL,'0722754547',NULL,NULL,NULL,'Not Set189','Not Set189','Not Set189',NULL),(1512,NULL,'0722490800',NULL,NULL,NULL,'Not Set190','Not Set190','Not Set190',NULL),(1513,NULL,'0722754547',NULL,NULL,NULL,'Not Set191','Not Set191','Not Set191',NULL),(1514,NULL,'0722575686',NULL,NULL,NULL,'Not Set192','Not Set192','Not Set192',NULL),(1515,NULL,'0722575686',NULL,NULL,NULL,'Not Set193','Not Set193','Not Set193',NULL),(1516,NULL,'0719614232',NULL,NULL,NULL,'Not Set194','Not Set194','Not Set194',NULL),(1517,NULL,'0722490800',NULL,NULL,NULL,'Not Set195','Not Set195','Not Set195',NULL),(1518,NULL,'0733730892',NULL,NULL,NULL,'Not Set196','Not Set196','Not Set196',NULL),(1519,NULL,'0724422794',NULL,NULL,NULL,'Not Set197','Not Set197','Not Set197',NULL),(1520,NULL,'748236479\'0',NULL,NULL,NULL,'Not Set198','Not Set198','Not Set198',NULL),(1521,NULL,'0707400935',NULL,NULL,NULL,'Not Set199','Not Set199','Not Set199',NULL),(1522,NULL,'0726423277',NULL,NULL,NULL,'Not Set200','Not Set200','Not Set200',NULL),(1523,NULL,'0722419046',NULL,NULL,NULL,'Not Set201','Not Set201','Not Set201',NULL),(1524,NULL,'0702286859',NULL,NULL,NULL,'Not Set202','Not Set202','Not Set202',NULL),(1525,NULL,'0796821211',NULL,NULL,NULL,'Not Set203','Not Set203','Not Set203',NULL),(1526,NULL,'0780559009',NULL,NULL,NULL,'Not Set204','Not Set204','Not Set204',NULL),(1527,NULL,'0723641819',NULL,NULL,NULL,'Not Set205','Not Set205','Not Set205',NULL),(1528,NULL,'0722860154',NULL,NULL,NULL,'Not Set206','Not Set206','Not Set206',NULL),(1529,NULL,'0722943670',NULL,NULL,NULL,'Not Set207','Not Set207','Not Set207',NULL),(1530,NULL,'0722336248',NULL,NULL,NULL,'Not Set208','Not Set208','Not Set208',NULL),(1531,NULL,'0721830647',NULL,NULL,NULL,'Not Set209','Not Set209','Not Set209',NULL),(1532,NULL,'0720275427',NULL,NULL,NULL,'Not Set210','Not Set210','Not Set210',NULL),(1533,NULL,'0720767452',NULL,NULL,NULL,'Yvonne Kendi','0705615956','yvonnemwiti@gmail.com',NULL),(1534,NULL,'0753063752',NULL,NULL,NULL,'Not Set212','Not Set212','Not Set212',NULL),(1535,NULL,'0745659878',NULL,NULL,NULL,'Not Set213','Not Set213','Not Set213',NULL),(1536,NULL,'0704217368',NULL,NULL,NULL,'Not Set214','Not Set214','Not Set214',NULL),(1537,NULL,'0713820133',NULL,NULL,NULL,'Not Set215','Not Set215','Not Set215',NULL),(1538,NULL,'0741710220',NULL,NULL,NULL,'Not Set216','Not Set216','Not Set216',NULL),(1539,NULL,'0757325950',NULL,NULL,NULL,'Not Set217','Not Set217','Not Set217',NULL),(1540,NULL,'0710602685',NULL,NULL,NULL,'Not Set218','Not Set218','Not Set218',NULL),(1541,NULL,'0710602685',NULL,NULL,NULL,'Not Set219','Not Set219','Not Set219',NULL),(1542,NULL,'0700711877',NULL,NULL,NULL,'Peris Boit','Not Set220','Not Set220',NULL),(1543,NULL,'0722771821',NULL,NULL,NULL,'Not Set221','Not Set221','Not Set221',NULL),(1544,NULL,'0706223477',NULL,NULL,NULL,'Not Set222','Not Set222','Not Set222',NULL),(1545,NULL,'Not Set223',NULL,NULL,NULL,'Not Set223','Not Set223','Not Set223',NULL),(1546,NULL,'0748232777',NULL,NULL,NULL,'Millicent Muturi','0722496471','Not Set224',NULL),(1547,NULL,'0725301009',NULL,NULL,NULL,'Clara Mundia','Not Set225','Not Set225',NULL),(1548,NULL,'0725383020',NULL,NULL,NULL,'Samuel Njoroge Ng\'ang\'a','0722399232','Not Set226',NULL),(1549,NULL,'0790199983',NULL,NULL,NULL,'Not Set227','Not Set227','Not Set227',NULL),(1550,NULL,'0791496783',NULL,NULL,NULL,'Not Set228','Not Set228','Not Set228',NULL),(1551,NULL,'0705531059',NULL,NULL,NULL,'Not Set229','Not Set229','Not Set229',NULL),(1552,NULL,'0726758993',NULL,NULL,NULL,'Not Set230','Not Set230','Not Set230',NULL),(1553,NULL,'0727945910',NULL,NULL,NULL,'Not Set231','Not Set231','Not Set231',NULL),(1554,NULL,'0733908182',NULL,NULL,NULL,'Not Set232','Not Set232','Not Set232',NULL),(1555,NULL,'0721222117',NULL,NULL,NULL,'Not Set233','Not Set233','Not Set233',NULL),(1556,NULL,'0715987334',NULL,NULL,NULL,'Not Set234','Not Set234','Not Set234',NULL),(1557,NULL,'0706711933',NULL,NULL,NULL,'Not Set235','Not Set235','Not Set235',NULL),(1558,NULL,'0707030350',NULL,NULL,NULL,'Not Set236','Not Set236','Not Set236',NULL),(1559,NULL,'0708880156',NULL,NULL,NULL,'Not Set237','Not Set237','Not Set237',NULL),(1560,NULL,'0701772544',NULL,NULL,NULL,'Not Set238','Not Set238','Not Set238',NULL),(1561,NULL,'0705391767',NULL,NULL,NULL,'Not Set239','Not Set239','Not Set239',NULL),(1562,NULL,'0719806980',NULL,NULL,NULL,'Not Set240','Not Set240','Not Set240',NULL),(1563,NULL,'0724264703',NULL,NULL,NULL,'Not Set241','Not Set241','Not Set241',NULL),(1564,NULL,'0783909402',NULL,NULL,NULL,'Not Set242','Not Set242','Not Set242',NULL),(1565,NULL,'0723104233',NULL,NULL,NULL,'Not Set243','Not Set243','Not Set243',NULL),(1566,NULL,'Not Set244',NULL,NULL,NULL,'Not Set244','Not Set244','Not Set244',NULL),(1567,NULL,'0721222117',NULL,NULL,NULL,'Not Set245','Not Set245','Not Set245',NULL),(1568,NULL,'0722366248',NULL,NULL,NULL,'Not Set246','Not Set246','Not Set246',NULL),(1569,NULL,'0714123375',NULL,NULL,NULL,'Not Set247','Not Set247','Not Set247',NULL),(1570,NULL,'0733570062',NULL,NULL,NULL,'Not Set248','Not Set248','Not Set248',NULL),(1571,NULL,'0713065831',NULL,NULL,NULL,'Not Set249','Not Set249','Not Set249',NULL),(1572,NULL,'0722889450',NULL,NULL,NULL,'Not Set250','Not Set250','Not Set250',NULL),(1573,NULL,'0714444380',NULL,NULL,NULL,'Esther Ruth','0723128824','essyruth@gmail.com',NULL),(1574,NULL,'0722357489',NULL,NULL,NULL,'Not Set252','Not Set252','Not Set252',NULL),(1575,NULL,'0779200114',NULL,NULL,NULL,'Not Set253','Not Set253','Not Set253',NULL),(1576,NULL,'0745088822',NULL,NULL,NULL,'Japheth Otieno Migiro','0726241046','Not Set254',NULL),(1577,NULL,'0736981990',NULL,NULL,NULL,'Not Set255','Not Set255','Not Set255',NULL),(1578,NULL,'0722259844',NULL,NULL,NULL,'Not Set256','Not Set256','Not Set256',NULL),(1579,NULL,'0718036956',NULL,NULL,NULL,'Not Set257','Not Set257','Not Set257',NULL),(1580,NULL,'0769970973',NULL,NULL,NULL,'Not Set258','Not Set258','Not Set258',NULL),(1581,NULL,'0729328720',NULL,NULL,NULL,'Not Set259','Not Set259','Not Set259',NULL),(1582,NULL,'0722791131',NULL,NULL,NULL,'Not Set260','Not Set260','Not Set260',NULL),(1583,NULL,'0725222588',NULL,NULL,NULL,'Not Set261','Not Set261','Not Set261',NULL),(1584,NULL,'0704880935',NULL,NULL,NULL,'Not Set262','Not Set262','Not Set262',NULL),(1585,NULL,'Not Set263',NULL,NULL,NULL,'Not Set263','Not Set263','Not Set263',NULL),(1586,NULL,'0713539337',NULL,NULL,NULL,'Not Set264','Not Set264','Not Set264',NULL),(1587,NULL,'0729374577',NULL,NULL,NULL,'Not Set265','Not Set265','Not Set265',NULL),(1588,NULL,'0721681281',NULL,NULL,NULL,'Not Set266','Not Set266','Not Set266',NULL),(1589,NULL,'0713069590',NULL,NULL,NULL,'Not Set267','Not Set267','Not Set267',NULL),(1590,NULL,'0725713688',NULL,NULL,NULL,'Not Set268','Not Set268','Not Set268',NULL),(1591,NULL,'0739096431',NULL,NULL,NULL,'Not Set269','Not Set269','Not Set269',NULL),(1592,NULL,'0727875784',NULL,NULL,NULL,'Not Set270','Not Set270','Not Set270',NULL),(1593,NULL,'0734930090',NULL,NULL,NULL,'Not Set271','Not Set271','Not Set271',NULL),(1594,NULL,'0722259844',NULL,NULL,NULL,'Not Set272','Not Set272','Not Set272',NULL),(1595,NULL,'0741353731',NULL,NULL,NULL,'Not Set273','Not Set273','Not Set273',NULL),(1596,NULL,'0737004274',NULL,NULL,NULL,'Not Set274','Not Set274','Not Set274',NULL),(1597,NULL,'0723746879',NULL,NULL,NULL,'Not Set275','Not Set275','Not Set275',NULL),(1598,NULL,'0720783490',NULL,NULL,NULL,'Not Set276','Not Set276','Not Set276',NULL),(1599,NULL,'Not Set277',NULL,NULL,NULL,'Not Set277','Not Set277','Not Set277',NULL),(1600,NULL,'0722228891',NULL,NULL,NULL,'Not Set278','Not Set278','Not Set278',NULL),(1601,NULL,'0722228891',NULL,NULL,NULL,'Not Set279','Not Set279','Not Set279',NULL),(1602,NULL,'Not Set280',NULL,NULL,NULL,'Not Set280','Not Set280','Not Set280',NULL),(1603,NULL,'0711499931',NULL,NULL,NULL,'Not Set281','Not Set281','Not Set281',NULL),(1604,NULL,'0710661163',NULL,NULL,NULL,'Not Set282','Not Set282','Not Set282',NULL),(1605,NULL,'0725866628',NULL,NULL,NULL,'Not Set283','Not Set283','Not Set283',NULL),(1606,NULL,'0725083661',NULL,NULL,NULL,'Not Set284','Not Set284','Not Set284',NULL),(1607,NULL,'0701379933',NULL,NULL,NULL,'Not Set285','Not Set285','Not Set285',NULL),(1608,NULL,'0703253410',NULL,NULL,NULL,'Not Set286','Not Set286','Not Set286',NULL),(1609,NULL,'0790506774',NULL,NULL,NULL,'Not Set287','Not Set287','Not Set287',NULL),(1610,NULL,'0722237575',NULL,NULL,NULL,'Not Set288','Not Set288','Not Set288',NULL),(1611,NULL,'0722542451',NULL,NULL,NULL,'Not Set289','Not Set289','Not Set289',NULL),(1612,NULL,'0722477171',NULL,NULL,NULL,'Not Set290','Not Set290','Not Set290',NULL),(1613,NULL,'0725866628',NULL,NULL,NULL,'Not Set291','Not Set291','Not Set291',NULL),(1614,NULL,'0714860861',NULL,NULL,NULL,'Not Set292','Not Set292','Not Set292',NULL),(1615,NULL,'0726569561',NULL,NULL,NULL,'Not Set293','Not Set293','Not Set293',NULL),(1616,NULL,'0733752936',NULL,NULL,NULL,'Not Set294','Not Set294','Not Set294',NULL),(1617,NULL,'0725563161',NULL,NULL,NULL,'Not Set295','Not Set295','Not Set295',NULL),(1618,NULL,'0716425539',NULL,NULL,NULL,'Not Set296','Not Set296','Not Set296',NULL),(1619,NULL,'0722523237',NULL,NULL,NULL,'Not Set297','Not Set297','Not Set297',NULL),(1620,NULL,'0721370392',NULL,NULL,NULL,'Not Set298','Not Set298','Not Set298',NULL),(1621,NULL,'0722860154',NULL,NULL,NULL,'Not Set299','Not Set299','Not Set299',NULL),(1622,NULL,'0722177818',NULL,NULL,NULL,'Not Set300','Not Set300','Not Set300',NULL),(1623,NULL,'0718230474',NULL,NULL,NULL,'Not Set301','Not Set301','Not Set301',NULL),(1624,NULL,'0733908182',NULL,NULL,NULL,'Not Set302','Not Set302','Not Set302',NULL),(1625,NULL,'0722759096',NULL,NULL,NULL,'Not Set303','Not Set303','Not Set303',NULL),(1626,NULL,'0722525638',NULL,NULL,NULL,'Not Set304','Not Set304','Not Set304',NULL),(1627,NULL,'0745979064',NULL,NULL,NULL,'Not Set305','Not Set305','Not Set305',NULL),(1628,NULL,'0714449222',NULL,NULL,NULL,'Not Set306','Not Set306','Not Set306',NULL),(1629,NULL,'0714029905',NULL,NULL,NULL,'Not Set307','Not Set307','Not Set307',NULL),(1630,NULL,'0712571620',NULL,NULL,NULL,'Not Set308','Not Set308','Not Set308',NULL),(1631,NULL,'0723746879',NULL,NULL,NULL,'Not Set309','Not Set309','Not Set309',NULL),(1632,NULL,'0704511883',NULL,NULL,NULL,'Not Set310','Not Set310','Not Set310',NULL),(1633,NULL,'0710680662',NULL,NULL,NULL,'Not Set311','Not Set311','Not Set311',NULL),(1634,NULL,'0720275427',NULL,NULL,NULL,'Not Set312','Not Set312','Not Set312',NULL),(1635,NULL,'0725080087',NULL,NULL,NULL,'Not Set313','Not Set313','Not Set313',NULL),(1636,NULL,'0780768788',NULL,NULL,NULL,'Not Set314','Not Set314','Not Set314',NULL),(1637,NULL,'0725444785',NULL,NULL,NULL,'Not Set315','Not Set315','Not Set315',NULL),(1638,NULL,'0705470607',NULL,NULL,NULL,'Not Set316','Not Set316','Not Set316',NULL),(1639,NULL,'0719652648',NULL,NULL,NULL,'Not Set317','Not Set317','Not Set317',NULL),(1640,NULL,'0714613996',NULL,NULL,NULL,'Not Set318','Not Set318','Not Set318',NULL),(1641,NULL,'0713853969',NULL,NULL,NULL,'Not Set319','Not Set319','Not Set319',NULL),(1642,NULL,'0704371624',NULL,NULL,NULL,'Not Set320','Not Set320','Not Set320',NULL),(1643,'physical','0757571392','over18','main','female','Not Set321','Not Set321','Not Set321','sponsor'),(1644,NULL,'0748831008',NULL,NULL,NULL,'Not Set322','Not Set322','Not Set322',NULL),(1645,NULL,'0706020777',NULL,NULL,NULL,'Not Set323','Not Set323','Not Set323',NULL),(1646,NULL,'0758259417',NULL,NULL,NULL,'Not Set324','Not Set324','Not Set324',NULL),(1647,NULL,'0722598467',NULL,NULL,NULL,'Not Set325','Not Set325','Not Set325',NULL),(1648,NULL,'0723303396',NULL,NULL,NULL,'Not Set326','Not Set326','Not Set326',NULL),(1649,NULL,'0720059443',NULL,NULL,NULL,'Not Set327','Not Set327','Not Set327',NULL),(1650,NULL,'0729864961',NULL,NULL,NULL,'Not Set328','Not Set328','Not Set328',NULL),(1651,NULL,'0722301920',NULL,NULL,NULL,'Not Set329','0733758844','Not Set329',NULL),(1652,NULL,'0721441683',NULL,NULL,NULL,'Not Set330','Not Set330','Not Set330',NULL),(1653,NULL,'0704403232',NULL,NULL,NULL,'Not Set331','Not Set331','Not Set331',NULL),(1654,NULL,'0722961704',NULL,NULL,NULL,'J Karanja Mwangi','Not Set332','Not Set332',NULL),(1655,NULL,'0722961704',NULL,NULL,NULL,'J Karanja Mwangi','Not Set333','Not Set333',NULL),(1656,NULL,'0722961704',NULL,NULL,NULL,'J Karanja Mwangi','Not Set334','Not Set334',NULL),(2317,NULL,'0700123456',NULL,NULL,NULL,NULL,NULL,NULL,NULL),(2318,'physical','0700123456','over18','main','male','Mama Misha','0794323432','milly@mail.com','spouse'),(2319,'physical','0775669582','over18','main','male',NULL,NULL,NULL,NULL),(2320,'physical','0736001321','over18','main','male',NULL,NULL,NULL,NULL),(2321,'physical','0741637591','over18','main','female',NULL,NULL,NULL,NULL),(2322,'online','0718392908','over18','main','male',NULL,NULL,NULL,NULL),(2323,NULL,'0775550801',NULL,NULL,NULL,NULL,NULL,NULL,NULL),(2324,'physical','0712412924',NULL,'main',NULL,NULL,NULL,NULL,NULL),(2325,NULL,'0725893782',NULL,NULL,NULL,NULL,NULL,NULL,NULL);
/*!40000 ALTER TABLE `student_user_data` ENABLE KEYS */;
UNLOCK TABLES;

--
-- Table structure for table `teacher_user_data`
--

DROP TABLE IF EXISTS `teacher_user_data`;
/*!40101 SET @saved_cs_client     = @@character_set_client */;
/*!50503 SET character_set_client = utf8mb4 */;
CREATE TABLE `teacher_user_data` (
  `id` int NOT NULL AUTO_INCREMENT,
  `resumelnk` varchar(255) CHARACTER SET utf8mb4 COLLATE utf8mb4_unicode_ci DEFAULT NULL,
  `phone` varchar(255) CHARACTER SET utf8mb4 COLLATE utf8mb4_unicode_ci DEFAULT NULL,
  `lessonmode` varchar(255) CHARACTER SET utf8mb4 COLLATE utf8mb4_unicode_ci DEFAULT NULL,
  `branch` varchar(255) CHARACTER SET utf8mb4 COLLATE utf8mb4_unicode_ci DEFAULT NULL,
  `sex` varchar(255) CHARACTER SET utf8mb4 COLLATE utf8mb4_unicode_ci DEFAULT NULL,
  `nextofkinname` varchar(255) CHARACTER SET utf8mb4 COLLATE utf8mb4_unicode_ci DEFAULT NULL,
  `nextofkinphonenum` varchar(255) CHARACTER SET utf8mb4 COLLATE utf8mb4_unicode_ci DEFAULT NULL,
  `nextofkinemail` varchar(255) CHARACTER SET utf8mb4 COLLATE utf8mb4_unicode_ci DEFAULT NULL,
  `nextofkinrship` varchar(255) CHARACTER SET utf8mb4 COLLATE utf8mb4_unicode_ci DEFAULT NULL,
  PRIMARY KEY (`id`)
) ENGINE=InnoDB AUTO_INCREMENT=3 DEFAULT CHARSET=utf8mb4 COLLATE=utf8mb4_unicode_ci;
/*!40101 SET character_set_client = @saved_cs_client */;

--
-- Dumping data for table `teacher_user_data`
--

LOCK TABLES `teacher_user_data` WRITE;
/*!40000 ALTER TABLE `teacher_user_data` DISABLE KEYS */;
INSERT INTO `teacher_user_data` VALUES (1,'muske.co.ke/maestrojosiah','0705285959','onlinephysical','main','male','Milcah Mueni','0702825682','milcahkelly6@gmail.com','spouse'),(2,NULL,NULL,NULL,NULL,NULL,NULL,NULL,NULL,NULL);
/*!40000 ALTER TABLE `teacher_user_data` ENABLE KEYS */;
UNLOCK TABLES;

--
-- Table structure for table `user`
--

DROP TABLE IF EXISTS `user`;
/*!40101 SET @saved_cs_client     = @@character_set_client */;
/*!50503 SET character_set_client = utf8mb4 */;
CREATE TABLE `user` (
  `id` int NOT NULL AUTO_INCREMENT,
  `teacherdata_id` int DEFAULT NULL,
  `studentdata_id` int DEFAULT NULL,
  `email` varchar(180) CHARACTER SET utf8mb4 COLLATE utf8mb4_unicode_ci NOT NULL,
  `roles` json NOT NULL,
  `password` varchar(255) CHARACTER SET utf8mb4 COLLATE utf8mb4_unicode_ci NOT NULL,
  `active` tinyint(1) NOT NULL,
  `fullname` varchar(255) CHARACTER SET utf8mb4 COLLATE utf8mb4_unicode_ci NOT NULL,
  `is_verified` tinyint(1) NOT NULL,
  `usertype` varchar(255) CHARACTER SET utf8mb4 COLLATE utf8mb4_unicode_ci NOT NULL,
  `photo` varchar(255) CHARACTER SET utf8mb4 COLLATE utf8mb4_unicode_ci DEFAULT NULL,
  PRIMARY KEY (`id`),
  UNIQUE KEY `UNIQ_8D93D649DB4D944A` (`teacherdata_id`),
  UNIQUE KEY `UNIQ_8D93D64940F09E3F` (`studentdata_id`),
  CONSTRAINT `FK_8D93D64940F09E3F` FOREIGN KEY (`studentdata_id`) REFERENCES `student_user_data` (`id`),
  CONSTRAINT `FK_8D93D649DB4D944A` FOREIGN KEY (`teacherdata_id`) REFERENCES `teacher_user_data` (`id`)
) ENGINE=InnoDB AUTO_INCREMENT=2331 DEFAULT CHARSET=utf8mb4 COLLATE=utf8mb4_unicode_ci;
/*!40101 SET character_set_client = @saved_cs_client */;

--
-- Dumping data for table `user`
--

LOCK TABLES `user` WRITE;
/*!40000 ALTER TABLE `user` DISABLE KEYS */;
INSERT INTO `user` VALUES (2,NULL,NULL,'maestrojosiah@gmail.com','[\"ROLE_ADMIN\"]','$argon2id$v=19$m=65536,t=4,p=1$dY3M8edCPgbSEooX0HnzqA$iIeYsfEhBeCE7pFTUunj9DBZFf6yfVdXMpMU8LzFXWw',0,'Admin Josiah',1,'admin',NULL),(3,NULL,1,'milcahkelly6@gmail.com','[]','$argon2id$v=19$m=65536,t=4,p=1$pFPvSysm0lbWh+3T247kvw$8xCSxc3cLmfC4oaiKfOVZm04dyhZ9X1kwmFCdfZUqlo',0,'Student One',0,'student',NULL),(4,NULL,2,'mail@example.com','[]','$argon2id$v=19$m=65536,t=4,p=1$kxjCVrcEZqVPBFVlV5DbkA$6/Ro2JQCXmTnSSgFq/ayCvUR6SvD3OrC2VOGTRsrzU4',0,'Student Two',0,'student',NULL),(5,1,NULL,'jshbr7@gmail.com','[\"ROLE_TEACHER\"]','$argon2id$v=19$m=65536,t=4,p=1$t39HV5d6MBf2/8GHCC+/nA$STw8Xq/u47uDgDVOnd47HXtpaEVmLc6fzWEwUduT9J8',0,'Josiah Birai',0,'teacher',NULL),(6,2,NULL,'josiah@chezamusicschool.co.ke','[]','$argon2id$v=19$m=65536,t=4,p=1$n9tboUssJRRo6KRFT1oBrg$zliu/jtCxsDjbt6EF2ujrzjLAiHJHyhFwpvTnoJofQw',0,'Teacher Two',0,'teacher',NULL),(7,NULL,3,'azamishael@gmail.com','[]','$argon2id$v=19$m=65536,t=4,p=1$FCPSy6dGbdp+PxihKiAW5A$JuHQjT7aNiI7f0lpU2uGfshJiGDjSR4/65+zy7mriDY',0,'Mishael Aza',0,'student',NULL),(8,NULL,4,'kiambutownpceachoir@gmail.com','[]','$argon2id$v=19$m=65536,t=4,p=1$6dwI6lOPQ3i6ccSG7jVu3A$siZ+f2YUD/h/82PxbzYm+x4ws3qhZpJopYQ5iCcgs/s',0,'Joshua Maina',0,'student',NULL),(1328,NULL,1324,'abbykoriUSA@gmail.com','[]','$argon2id$v=19$m=65536,t=4,p=1$21Ad2Z0HVo/fTKBq1E6P6g$2ti0noAe7jxVN0ly0UaOM3bcRS2poFwpIFkCbPYSJGA',0,'Abby Kori',0,'student',NULL),(1329,NULL,1325,'ckiambi@gmail.com','[]','$argon2id$v=19$m=65536,t=4,p=1$G/dR+UKqZ7/F7JrygpMAVQ$jilKNvk8rYhjDXwKYYZRHHfh6MCeDhEKGug/9dKTcrM',0,'Abigail Kendi Kiambi',0,'student',NULL),(1330,NULL,1326,'Abigailwaweru22@gmail.com','[]','$argon2id$v=19$m=65536,t=4,p=1$rMttf8Ha5rg/dDgP5TJxBg$uVv23FuHlwU5uPiy/8LAoWV+NUQSECSTW+K0VFd6ewk',0,'Abigail Wairimu Waweru',0,'student',NULL),(1331,NULL,1327,'hedayathomas@gmail.com','[]','$argon2id$v=19$m=65536,t=4,p=1$+Nf+nMCnDGven42N4FUJLA$bm0CRD6bHbIt5oTE/0yPCyuWsEMUG1VVfTpEU6wmV60',0,'Adia Mundia',0,'student',NULL),(1332,NULL,1328,'kiragu@sustainableinstitutions.com','[]','$argon2id$v=19$m=65536,t=4,p=1$VU2RCdUbuA6WWBD1gsT1+A$FjkQ70ldDTlEoLPnGxAZBCyVDNsACM9xyYpJgBz9ku0',0,'Adiela Wathiegeni Kiragu',0,'student',NULL),(1333,NULL,1329,'adrianmuhavi@gmail.com','[]','$argon2id$v=19$m=65536,t=4,p=1$1fteeBZ9/w30reEzlYpoWw$ayJEmdD4mpGDHDTOcvi9yrOaAaN1KclH4rkQhOtw008',0,'Adrian Atonya',0,'student',NULL),(1334,NULL,1330,'Not Set8','[]','$argon2id$v=19$m=65536,t=4,p=1$YJLRpwGB0op0sblv8TE17w$sDubjhykzz7MmM9q+ZYr5uirtsNXkAqHt/BKu6on8cQ',0,'Agnes Waweru',0,'student',NULL),(1335,NULL,1331,'agnettamumo@gmail.com','[]','$argon2id$v=19$m=65536,t=4,p=1$k2rgJ5CEdYF6ZVtCy3Q8HA$cb6oLd1XqVv5AlvnsIO1I6Ms6xnH/J2RRDuW6b3mt+g',0,'Agnetta Mumo',0,'student',NULL),(1336,NULL,1332,'dee.mahia@gmail.com','[]','$argon2id$v=19$m=65536,t=4,p=1$bdxWSRsOeQR+HNowQwaw+A$w07bbCkVNE+GheWV9SErWpJjgKrTBDTZl+CJC6yMufg',0,'Alani Wanjiku Mahia',0,'student',NULL),(1337,NULL,1333,'ewamae@gmail.com','[]','$argon2id$v=19$m=65536,t=4,p=1$AtwNZEQijO55MYB6d+kbew$dbTw217+W5XW8kWOlV30Qp545vc8f2R+FHGou/0iAAM',0,'Alessa Wamae',0,'student',NULL),(1338,NULL,1334,'Not Set12','[]','$argon2id$v=19$m=65536,t=4,p=1$vKl+ifYppVXY4FsWB60jZA$LE55Qwf+smW1aetILRI3ZomagyvXOs7sgcBRX3G+kEQ',0,'Alfred Obadiah Nyaribo',0,'student',NULL),(1339,NULL,1335,'ghatinyaichowa@gmail.com','[]','$argon2id$v=19$m=65536,t=4,p=1$2blkzBBIPuPndaa1VFUqlw$2GCD2YN5iPUM2uHfIfzZIcJkzRiMClYWZlOS7c6i4m8',0,'Alice Nyaichowa',0,'student',NULL),(1340,NULL,1336,'visram.azmina@gmail.com','[]','$argon2id$v=19$m=65536,t=4,p=1$ksrQoHxi0lCX+G5seDjNQQ$UdXGg8Iai/3/wrPMPgDCMr6WfHpY+VivzX8TlNZnPb4',0,'Alissa Visram',0,'student',NULL),(1341,NULL,1337,'allansomie@gmail.com','[]','$argon2id$v=19$m=65536,t=4,p=1$ehGyv8H50ipTSdGOvzRyPg$0AnQAqpDIDfGYTCw/ustc+IF+E1GW7388euztngKokc',0,'Allan Muthomi Mururu',0,'student',NULL),(1342,NULL,1338,'allanmwangi6@gmail.com','[]','$argon2id$v=19$m=65536,t=4,p=1$NOAlF+ju+ETbQdsAh8stQA$mFlzAahGkWvb3Jxk68mNl4/7fiqh2IZLJ/CJTU/vel4',0,'Allan Mwangi Njoroge',0,'student',NULL),(1343,NULL,1339,'hedayathomas@gmail.com','[]','$argon2id$v=19$m=65536,t=4,p=1$JEC8lT/omtbOex3KssMYdw$SejuDrA8ESaP0ZYcw1RQExDUWoLcedYMiuMt/PwHNq8',0,'Amana Mundia',0,'student',NULL),(1344,NULL,1340,'Not Set18','[]','$argon2id$v=19$m=65536,t=4,p=1$M9irh1m2Rj/R9kJzpMxkOA$PP1oiC9APp+spMYK6d1DzxDXb+yPL8dptKtsXo0K2lk',0,'Amos Njogu Gikaru',0,'student',NULL),(1345,NULL,1341,'roseline.muchai@gmail.com','[]','$argon2id$v=19$m=65536,t=4,p=1$TG45E/XozMK8+R7pHZp9HQ$WLnGotAGl2KGvqiXBIIniDlbaphzAxsxQv6hPIyQhlY',0,'Amy Wambui Mungai',0,'student',NULL),(1346,NULL,1342,'amanguru@yahoo.co.uk','[]','$argon2id$v=19$m=65536,t=4,p=1$3gPzgo35+lPTYG1f21D26A$sZVSnTnGXnO3U0XqvZ1I3BaRVzrrTdK/PQ+T0ceqFho',0,'Anastasia Manguru',0,'student',NULL),(1347,NULL,1343,'trudeajuma@gmail.com','[]','$argon2id$v=19$m=65536,t=4,p=1$n5/iEuKODt40NUJOD9hx7A$PX54cRg+4ytfL4w+Z5YtpJAFwwzonC4BB3w4weBlTc8',0,'Andrea Chege',0,'student',NULL),(1348,NULL,1344,'Not Set22','[]','$argon2id$v=19$m=65536,t=4,p=1$E63h8Ut/G8KvIKPUWLB7ew$MpbiDxpHd1a1fKONose9rS/mH9gcOdIyClcMvilrID0',0,'Andrew Kioi',0,'student',NULL),(1349,NULL,1345,'sophiengacha@gmail.com','[]','$argon2id$v=19$m=65536,t=4,p=1$vKN9gIzaq3AWHhPBPIUaRw$0KInC0pv07BelzO3GK0Ssn2j2l9DzQNotCfCZcBmV5k',0,'Ann Sophia Ngacha',0,'student',NULL),(1350,NULL,1346,'ayimbakochieng@gmail.com','[]','$argon2id$v=19$m=65536,t=4,p=1$tQ/faZJhhVmOpkZdH6NNLQ$74S5N2DZOaPVJVdunk68DfmX5pdDxBtc6fIq43Fpf4Q',0,'Annie Ayimba',0,'student',NULL),(1351,NULL,1347,'Not Set25','[]','$argon2id$v=19$m=65536,t=4,p=1$DH6xVIee62eLybEupQY9Tw$WSaK7iMq6ioLMxHtnqeuUPxEnRkstMFD5SV4Z7euuxs',0,'Anthony Mbugua',0,'student',NULL),(1352,NULL,1348,'trudea.juma@gmail.com','[]','$argon2id$v=19$m=65536,t=4,p=1$SgydIdwnYLjtcfU7VAwAjQ$skBL+NfeHh3RNd6lNQ28eyHYz2p6ody6EvDBvPRWLjE',0,'Aryana Chege',0,'student',NULL),(1353,NULL,1349,'sigrid.kuehlke@gmail.com','[]','$argon2id$v=19$m=65536,t=4,p=1$RcyycVEy+5r2466pOG7/0Q$zzJL04MQM2LWvgzSqOTzf5xyGHSSlrynUtzewP0bfXk',0,'Astind Dembele',0,'student',NULL),(1354,NULL,1350,'augustineodongo@gmail.com','[]','$argon2id$v=19$m=65536,t=4,p=1$uAHMuc3citjSf7THWIlLSw$z+3EiM8kDr89LanDvOLK64D5qcep1nLiQB+NH7xtpis',0,'Austin Odongo',0,'student',NULL),(1355,NULL,1351,'nil','[]','$argon2id$v=19$m=65536,t=4,p=1$HY58uvambMajm2xXCgi8HQ$GLLvaC2wKowSKKgZb4cMkdJzzyNlfB7Z77qkoJGLUFo',0,'Bakhita Munge',0,'student',NULL),(1356,NULL,1352,'belishtiff@gmail.com','[]','$argon2id$v=19$m=65536,t=4,p=1$QveMgP+toII6MObBEHkRMA$ZnLcsXOqNJ+9NJpUVz9U5YtoQPGC9dgopz79HHvuZcg',0,'Belinda Tifany Mutua',0,'student',NULL),(1357,NULL,1353,'muthoni.bernadette@gmail.com','[]','$argon2id$v=19$m=65536,t=4,p=1$PMCFXGR9mKh674bU0UNo/A$P63u7yGN4YFjF3sDOBqZED+wrQEW2vVckiGncIuKdjQ',0,'Bernadette Muthoni',0,'student',NULL),(1358,NULL,1354,'stevepota@gmail.com','[]','$argon2id$v=19$m=65536,t=4,p=1$GsaGPfnuKgkzlSOtdf7vkQ$PzQEK9pdPpWbRdmRUBOKh+66ZvqthXlDOjN5AgkupFk',0,'Bernard Ngaya Amolo',0,'student',NULL),(1359,NULL,1355,'wamag2002@yahoo.com','[]','$argon2id$v=19$m=65536,t=4,p=1$qzjxUvZpuf5rJp/ngTuEfg$ZzYsvNc1DJnjqoMEICDAjlJJ5Jy4+OnT/+HlEY+XLWM',0,'Betina Mkanyika',0,'student',NULL),(1360,NULL,1356,'bettywanjiru@gmail.com','[]','$argon2id$v=19$m=65536,t=4,p=1$ph7MhTb4nKemPbTdvoG+EA$jAbcLFGx67ywMRKndwx49hsGtSGbAI+7zWmzI/5tZaw',0,'Betty Wanjiru',0,'student',NULL),(1361,NULL,1357,'moikutbrenda@gmail.com','[]','$argon2id$v=19$m=65536,t=4,p=1$cEeDJ345wk+4WKqSmgKUUQ$beZhb61wD6voBpmgEjOKd9X4VxsP5Nw1QaFZmu0muh0',0,'Brenda Moikut',0,'student',NULL),(1362,NULL,1358,'zipykim@yahoo.com','[]','$argon2id$v=19$m=65536,t=4,p=1$ZtNIrw6WPeYcKzy97SOISQ$9yOoI6uWsDSDOZCdksE7MiJPKBT8sfpS1NcTldoGqos',0,'Brian Kimotho',0,'student',NULL),(1363,NULL,1359,'thigebrianmuhinjah@gmail.com','[]','$argon2id$v=19$m=65536,t=4,p=1$6sefCO/eSADlWfVEVi5Vuw$DVLkB+S88EQVGAZ9NEyzGQwjlWFLUierwBVtJMCku6o',0,'Brian Muhinja',0,'student',NULL),(1364,NULL,1360,'Not Set38','[]','$argon2id$v=19$m=65536,t=4,p=1$6Bvx99Bt1gyqXYl30XUH6g$ZJt4fuWT0r16ZTTGL33/G2+yHAVQSaDiITYslMCcFLE',0,'Briana Muthoni',0,'student',NULL),(1365,NULL,1361,'Not Set39','[]','$argon2id$v=19$m=65536,t=4,p=1$5BHLnqrgfahIXGRQ9izEyw$/Qs1GQDOHe8wS9IuG5DAMMI/PoAQ7dlGcC9qa1t6IMc',0,'Ceceilia Kabura',0,'student',NULL),(1366,NULL,1362,'charaqui04@gmail.com','[]','$argon2id$v=19$m=65536,t=4,p=1$xgX1LtiFft8KjRMArQr0hw$/oMLuaqMXeK/7WWjnIizAICUncwoqwDl00dv+NomQNc',0,'Chara Mwangi',0,'student',NULL),(1367,NULL,1363,'charitymwabu@gmail.com','[]','$argon2id$v=19$m=65536,t=4,p=1$o32KT/SvJy/Ja2gTP/Mchg$tEkR1T3RNL7x+fjBm3bhJSQDwbKhW+cmaW3ESIce4Ew',0,'Charity Kaburi',0,'student',NULL),(1368,NULL,1364,'kiamcharles@gmail.com','[]','$argon2id$v=19$m=65536,t=4,p=1$HiCxHJA+XxESpx7vxmWjKA$vx8VCt73DjdX8wy3uICV4R4PGP+esVt3ATSsH+lkHq0',0,'Charles Kiarie',0,'student',NULL),(1369,NULL,1365,'deobalchiza@gmail.com','[]','$argon2id$v=19$m=65536,t=4,p=1$0GtHP6yJPHXwo/ML8hVABw$DYZgeeOzKvjbZ20mCFl0YKy2nIt8ASq/DM24XKltt64',0,'Chiza Balwiramwami',0,'student',NULL),(1370,NULL,1366,'eunice.njogu@gmail.com','[]','$argon2id$v=19$m=65536,t=4,p=1$ZyVe1GDq8UYAYKiGlfkbOQ$UymuzqCkqVjcj3RnQGcJFfi06Y5PLwfipeZ78YzNv60',0,'Chrisopher Njogu',0,'student',NULL),(1371,NULL,1367,'cnjoroge70@gmail.com','[]','$argon2id$v=19$m=65536,t=4,p=1$LVWhxV+y/mxJde2FwvJx6A$XqNrrZIbeGrxWEMJaaMgeYmLpBI79VWkzvhvdMQXVNg',0,'Christine Njoroge',0,'student',NULL),(1372,NULL,1368,'maina.christine2011@gmail.com','[]','$argon2id$v=19$m=65536,t=4,p=1$lbLLkjZYq1KN8HLAJAbUPg$p2EAlX2ZNdX+ItDPeNQ629MJr2TwG2nrFdzp48t3Hm8',0,'Christine Wambui',0,'student',NULL),(1373,NULL,1369,'clare.japhet@gmail.com','[]','$argon2id$v=19$m=65536,t=4,p=1$OttbOFIlBj0fm0eO3X8hdg$fovQ2QL+13vH7+nzWWHqg2V8ZzDYahUfQ1VcG03aBj0',0,'Clare Japhet ',0,'student',NULL),(1374,NULL,1370,'ednakerubo@gmail.com','[]','$argon2id$v=19$m=65536,t=4,p=1$WlzN5tYtCAZu3BnwYlhZwg$BXyQz3kSQ1utXxuLdAy3+myEKD9QaLR4uZuxVcJpjp8',0,'Corey Tulinge',0,'student',NULL),(1375,NULL,1371,'mbuguacosmas@gmail.com','[]','$argon2id$v=19$m=65536,t=4,p=1$vbitAMTGOUoavY/K6/apPg$dXFYL9JQPYtOyj81aZBmsQeJ8YYrInrKFr0HhZyYolM',0,'Cosmas Njenga',0,'student',NULL),(1376,NULL,1372,'Not Set50','[]','$argon2id$v=19$m=65536,t=4,p=1$vshTm8pYGTsO3BgMHvJbrw$yEFjU/8pdxZRdtr3uYJtZGoKP/1dW2vxPmHF6vTTzJA',0,'Craig Kibet',0,'student',NULL),(1377,NULL,1373,'ongaga69@gmail.com','[]','$argon2id$v=19$m=65536,t=4,p=1$YoDT8dXtq/MLY85MXfveLg$loHA4KmZorkMDmAbMjwIFwbmwj8ffDuJXbuA4lDk7tI',0,'Cyrus Ongaga',0,'student',NULL),(1378,NULL,1374,'kibinudaisy@gmail.com','[]','$argon2id$v=19$m=65536,t=4,p=1$RIyALnDtugucgMiWx/+jYA$G5Uu2GbJjZDR8fkOo23rkDZaKKaqgrczW5P8iW6xBlA',0,'Daisy Gaciku',0,'student',NULL),(1379,NULL,1375,'dmmaganjo@gmail.com','[]','$argon2id$v=19$m=65536,t=4,p=1$YDzzWxHe0hBjnVvuabm22g$qQPez2xuW1C4vCzVh0gy7zahyTacnhvUHJf1+xgVeiM',0,'Dan Mwangi',0,'student',NULL),(1380,NULL,1376,'phne63@gmail.com','[]','$argon2id$v=19$m=65536,t=4,p=1$1QxhfUiBA4cvyh13dkFl7Q$6l8HPcUTQiIZujMYnW4nWUVE/dRBe/SLBTh2dZJbxGg',0,'Daphne Mayanja Bukirwa',0,'student',NULL),(1381,NULL,1377,'aumamongare@gmail.com','[]','$argon2id$v=19$m=65536,t=4,p=1$NcNIPW4fUmrnsF8ABgueeQ$XmG7TQEpNQeCLYBq8qtfDbfY5JIEXZz2zXiSNF2sYvY',0,'Darius Mong\'are',0,'student',NULL),(1382,NULL,1378,'daveyjyne2@gmail.com','[]','$argon2id$v=19$m=65536,t=4,p=1$MHdbcAtxHz1cuod32l54Hg$VFbLXLwJjcQEn8y1v96kRvgTT5xw3r/ZYez/BPYieXw',0,'David Kogi',0,'student',NULL),(1383,NULL,1379,'daveyjyne2@gmail.com','[]','$argon2id$v=19$m=65536,t=4,p=1$yHO2wGWwsKdhhYqoRry0wg$KnkaKwnFJHsPJhtrAbB6pVku2674/jtT7BuzMeYEW0M',0,'David Kogi Kiarie',0,'student',NULL),(1384,NULL,1380,'daudimachuka@gmail.com','[]','$argon2id$v=19$m=65536,t=4,p=1$xLqOa2iGNiu3Wcz0PXR9dg$dSDxZ2JYKH2EajpFTbYPsWjes2cmF6Phg9LNZqd4WO8',0,'David Machuka',0,'student',NULL),(1385,NULL,1381,'amdavidmuthomi@gmail.com','[]','$argon2id$v=19$m=65536,t=4,p=1$PjMAiubpKp7PGC75SuTmGQ$pnVa8e/YgDOM4VMCIlyCMHkExmlMMOr0zD36EFOMY6U',0,'David Muthaura',0,'student',NULL),(1386,NULL,1382,'DAVISNYAMBU5@GMAIL.COM','[]','$argon2id$v=19$m=65536,t=4,p=1$LRS8Iq4lqg0ZTGjqxLQFjA$J6jShZe9rnM6QEQ1ZDSosErJ5WCfgCVXeOP/kc3HzbI',0,'Davis Nyambu',0,'student',NULL),(1387,NULL,1383,'nzaudavid634@gmail.com','[]','$argon2id$v=19$m=65536,t=4,p=1$C+GgC7VJxmCWuaygfJ0mTQ$zj3kB/gcJverVJGK3GlgMHiupYC69reg8vdU0+aowao',0,'David Nzau',0,'student',NULL),(1388,NULL,1384,'machiodavid@gmail.com','[]','$argon2id$v=19$m=65536,t=4,p=1$4NHSsLjCMvaI2KzYZdRCYw$4d1ODK+T9j3VKqGT6o4KfFUQzUOdpaHYaMmq8X5HUeA',0,'David Wandera',0,'student',NULL),(1389,NULL,1385,'manyadiana2@gmail.com','[]','$argon2id$v=19$m=65536,t=4,p=1$TRioTJ+nivEgXerIFsD/Bw$5so1IHJIT5s/X35Xb6fsApIDp0s6SUUzmF7j7J/1zUU',0,'Diana Aoko Manya',0,'student',NULL),(1390,NULL,1386,'wesongadilta@gmail.com','[]','$argon2id$v=19$m=65536,t=4,p=1$yS+51kOh0kmbx9fT0oao7g$Bc2GuOvAa2++KV7RYbUQu+fA7Hq+3qHwaQBDxEPzAG8',0,'Dilta Wesonga',0,'student',NULL),(1391,NULL,1387,'dkhaks@gmail.com','[]','$argon2id$v=19$m=65536,t=4,p=1$ZG5MTvGoaF9L0bcVRJ/2cw$P2oF6G2AqNt4mYKb3sdT+uA/7eabtuq4LBao+4j5Bfs',0,'Dorcas Khakhasa',0,'student',NULL),(1392,NULL,1388,'eddah_njoroge@yahoo.com','[]','$argon2id$v=19$m=65536,t=4,p=1$Ye6WbJlZ0i1wB1Z50XRnHw$Xs3b4NRcmzsKT2C00AF552DXGNP1cRy5GvEQUPO5qGY',0,'Eddah Wambui',0,'student',NULL),(1393,NULL,1389,'eddiendrw@gmail.com','[]','$argon2id$v=19$m=65536,t=4,p=1$u1OQwZl4BZLwtUJzlUus8w$hiUnjI8ddD+Y41y8EyzHzq+msq5oxMyXXeFilSw5huA',0,'Eddie Andrew',0,'student',NULL),(1394,NULL,1390,'njugik@gmail.com','[]','$argon2id$v=19$m=65536,t=4,p=1$atuUVAmg4civ7EiOXSla+Q$3skM6da7ZYTYdRnl+5v4QOh+SBOZbbzZXOY47HVvBd0',0,'Edward Kevin Njugi',0,'student',NULL),(1395,NULL,1391,'edmuchai@gmail.com','[]','$argon2id$v=19$m=65536,t=4,p=1$gW/yxy+FEhTS/U6QiSb0vA$MUVyJP4w0I8O/YsIN8VzlKuxRV+umuluyB37HbL3kOI',0,'Edward Muchai',0,'student',NULL),(1396,NULL,1392,'mwalnkeg@gmail.com','[]','$argon2id$v=19$m=65536,t=4,p=1$FHydjAruU3XrWfD5vSfA3g$/xYk9DsDDR8OKoKbX+JargnRHeQQwd28CqCz2+NimmI',0,'Edward Mwaura',0,'student',NULL),(1397,NULL,1393,'princemwa@gmail.com','[]','$argon2id$v=19$m=65536,t=4,p=1$EvGqqK7lW4DC0sDvQ0FK7A$F3p2AjG4KdCHTGlTx1TE3scZvHeVNPpDpYFNN8VQU14',0,'Edwin Mwaura',0,'student',NULL),(1398,NULL,1394,'elizabeth.l.sitati@gmail.com','[]','$argon2id$v=19$m=65536,t=4,p=1$ddgsfa/wvT8UR3amLw5mjw$A3remkn5nj3e7VnGsl64buCUPF5K48Lg7e2aZSimSFs',0,'Elizabeth Sitati',0,'student',NULL),(1399,NULL,1395,'maingiissac@gmail.com','[]','$argon2id$v=19$m=65536,t=4,p=1$o1WtG7cPFdVPQmtwRHKk6w$KEoXgAsKsyiry0J3jNXsnc6FxH0TNXIdaF8pEhsqrLc',0,'Elsie Kabura',0,'student',NULL),(1400,NULL,1396,'joyceemily.onyango@gmail.com','[]','$argon2id$v=19$m=65536,t=4,p=1$GQbmRCy5rW2ACZqfg1ncRw$RVHJ2dt+NSSHA0eNTBB4NKJs4JH8Xe6JWdTOTgTv9h8',0,'Emily Onyango',0,'student',NULL),(1401,NULL,1397,'ericblonz@gmail.com','[]','$argon2id$v=19$m=65536,t=4,p=1$7F7ZNt1ooOk7Uk+c+mbELw$0/I3l23Y2w9m16WpRWGjHK9NB04LjF0aiuoGW9agBLE',0,'Eric nzuki',0,'student',NULL),(1402,NULL,1398,'ernsttate@gmail.com','[]','$argon2id$v=19$m=65536,t=4,p=1$zbqVfGdtbkZHEACDxU66TA$kHEEfuaTVZHhKdpjyFQtxMTNpf4tXV0Hu/ZdA4JV6nI',0,'Ernst Waithaka',0,'student',NULL),(1403,NULL,1399,'esther.kaylo03@yahoo.com','[]','$argon2id$v=19$m=65536,t=4,p=1$Ql3xflJzuSD/q3BHLSpfMQ$lcYjW1/fD6f7mBONwUPO4jTp+UlBJ3laTGfyWxOhXEI',0,'Esther Kyalo',0,'student',NULL),(1404,NULL,1400,'njorogeesther87@gmail.com','[]','$argon2id$v=19$m=65536,t=4,p=1$ZBgM954QpCvsgwWhIM1lWQ$Took+2HSAfJcvYIe6pwOJwRIHj8IxJJOzAki4A5DeH4',0,'Esther Njoroge',0,'student',NULL),(1405,NULL,1401,'Not Set79','[]','$argon2id$v=19$m=65536,t=4,p=1$vUx4voO+rA7q6PRFYOJDTg$J9tO6pekkTr7yJbgqlYxrViA63XS/3WGzau4011It6g',0,'Esther Wamicha',0,'student',NULL),(1406,NULL,1402,'basonota@gmail.com','[]','$argon2id$v=19$m=65536,t=4,p=1$vGlSHq47rpr30HIboYrC3g$rRu7mzyvKw3sDAurd+5ECCpd8D3OdcNjWmjLhQiOZ6Y',0,'Eugene Bahati Basonta',0,'student',NULL),(1407,NULL,1403,'joemuthui@rocketmail.com','[]','$argon2id$v=19$m=65536,t=4,p=1$Rwe5oilg3SbVO1/fqKUluQ$X0CEAYSNW9yqnTVOann79rbu+xvsAW1fK8M22L9KZXs',0,'Eugene Joe Muthui',0,'student',NULL),(1408,NULL,1404,'evahkim96@gmail.com\n','[]','$argon2id$v=19$m=65536,t=4,p=1$cDydLnRR6msjXnwDkPAdjw$EBcGJvWm0fH7+IzaJQfxmiE+QP4sl6OYaVMoLq5v9Oc',0,'Eva Kimenye',0,'student',NULL),(1409,NULL,1405,'egichuki62@gmail.com','[]','$argon2id$v=19$m=65536,t=4,p=1$tRPqKBrV2bgA9avj5t5Nrw$Rsy6BPJmHjzd+4i1oTZMlBYFpHsZ0xOm0+8lBsT0fp8',0,'Eva Wambui Gichuki',0,'student',NULL),(1410,NULL,1406,'smafro@gmail.com','[]','$argon2id$v=19$m=65536,t=4,p=1$cMMSVavUGdScKseyduj5VA$JxJCtYh86+YnbumHE1obWktUni1XSTIjgpLyyu+YA2k',0,'Evangelia Van De Velden',0,'student',NULL),(1411,NULL,1407,'wangamuyia@gmail.com','[]','$argon2id$v=19$m=65536,t=4,p=1$D6yoXA53JlhgXjMzPpMwkg$zkrWKiDES/9aR7DUQwEQlJ+y9Pi7TQtir23+3nEC228',0,'Evans Muyia',0,'student',NULL),(1412,NULL,1408,'nickwahome@gmail.com','[]','$argon2id$v=19$m=65536,t=4,p=1$wi/LE0K/+QZ+9vE2Szjalw$q2Blbg3cm/1sleWW8jWvh/8kwOi+no02bV3xTzVx+Lg',0,'Faith Wahome',0,'student',NULL),(1413,NULL,1409,'fionatheartist.fa@gmail.com','[]','$argon2id$v=19$m=65536,t=4,p=1$4TCy2sht4oXjqW7q+MmiwA$FCDB3ks3XezoCj1UGsWrN05IyL1f72elg+PFcNcIpGc',0,'Fiona Maina',0,'student',NULL),(1414,NULL,1410,'ilihaoti@gmail.com','[]','$argon2id$v=19$m=65536,t=4,p=1$d1rUQ950S+RrzPSYPGILSQ$jusHR/reDzF8sAH897byDZjiM26zfb3dWJpXoMTLt4o',0,'Flora Insudwe',0,'student',NULL),(1415,NULL,1411,'frfranc2009@gmail.com','[]','$argon2id$v=19$m=65536,t=4,p=1$+5+LS7dfXKVQtVnPA6zQFw$2acs6aGCb5Y1roXWbRLBawmPardc1XwZ0ZeBRMUDYaQ',0,'Fr. Francis Wanjohi ',0,'student',NULL),(1416,NULL,1412,'semikegad@yahoo.com','[]','$argon2id$v=19$m=65536,t=4,p=1$wfmA/JsTFdDQMBqaJjWI/w$I9685XqsnjTfQIP9RfyOsekLfbTW7Jp3KssvtFa3HMs',0,'Fr.Michael Ngari',0,'student',NULL),(1417,NULL,1413,'petermulili4@gmail.com','[]','$argon2id$v=19$m=65536,t=4,p=1$D0i7thJvOwxgl+NeU1EN6Q$5CDjj/ja7hZ2TSPplXwbSqleI27vk69e1mgPpml6uMs',0,'Francis Mulei Mbithi',0,'student',NULL),(1418,NULL,1414,'mvugira90@gmail.com','[]','$argon2id$v=19$m=65536,t=4,p=1$MxR0PdhNX4QVD/8jB/CX8g$1V/lWtFKduVg1Vx2X3oMHbyGV1GYOcktDkZUFhqVBOs',0,'Fred Kazungu',0,'student',NULL),(1419,NULL,1415,'fredrickkanja95@gmail.com','[]','$argon2id$v=19$m=65536,t=4,p=1$e6hWEbN11laZa+cRHVEz/w$+jhOY8BqVPxoS4wmubIxqyvPIBFkWAmGDSCnvYr9nbk',0,'Fredrick Gicheru Kanja',0,'student',NULL),(1420,NULL,1416,'wathithafred@gmail.com','[]','$argon2id$v=19$m=65536,t=4,p=1$E6Jx0+guODkSI4XAJUPsKg$AmOiTNj31/pgfzcI6q9tkt7cH4vgtbjO27pCyMKABgM',0,'Fredrick Muriithi',0,'student',NULL),(1421,NULL,1417,'wgabriel717@gmail.com','[]','$argon2id$v=19$m=65536,t=4,p=1$K7gn3tiJs8X9m9WABLRGAg$qzr5kl5d1kpmhoq7xAz/wa5olJhAhzEv/T6UoInRogU',0,'Gabriel Waweru',0,'student',NULL),(1422,NULL,1418,'gavintage100@gmail.com','[]','$argon2id$v=19$m=65536,t=4,p=1$PmbPHTaUg775/GfWv9ZgfQ$GoCu7Aaz/VCZhxwZScS5PZrtBFKXs9qCNBXUdK96WOk',0,'Gavin Nzyoki Mutungi',0,'student',NULL),(1423,NULL,1419,'oloogayancy@gmail.com','[]','$argon2id$v=19$m=65536,t=4,p=1$nu/DBH6Ad8fPBdlhWfFtfw$KVicKLwy0O9Ri8+JB6+JijrDyIT28VECIte+bO7289w',0,'Gayancy Atieno Oloo',0,'student',NULL),(1424,NULL,1420,'geoffreywathikah1010@gmail.com','[]','$argon2id$v=19$m=65536,t=4,p=1$rr0lceahmhhxejfN7TaRbQ$RmpH4tHJ5DR62Nt6Wr20ZLePxSBfvW9oea6/HATLU1Q',0,'Geoffrey Wathika Njuguna',0,'student',NULL),(1425,NULL,1421,'Not Set99','[]','$argon2id$v=19$m=65536,t=4,p=1$+Nq2AobISF/5iBpbXWnMbQ$roXGFjyXZk57F8hVY7oUMlnmC/RFjOi5M/rIEisHkr8',0,'George Agani',0,'student',NULL),(1426,NULL,1422,'gkabetu@gmail.com','[]','$argon2id$v=19$m=65536,t=4,p=1$OzR0nTpdU/wNSXCHkrFRcg$gMzgRocU0AYbQkqPQ6A41R/25LD9Rwia1gJn76Rot20',0,'George Kabetu',0,'student',NULL),(1427,NULL,1423,'wagacigua@gmail.com','[]','$argon2id$v=19$m=65536,t=4,p=1$4DZlGfg42INj9nlMn/jtpw$VSktQg5gou1ban7/Dnw8Fx7nx3ZSu+5w7fFvhAj6xqA',0,'George Njuguna',0,'student',NULL),(1428,NULL,1424,'Kimanikamau971@gmail.com','[]','$argon2id$v=19$m=65536,t=4,p=1$3Hl71aik6hkdsL8TKN/5ig$TFNU09STZcyjRYKln+HaIm7n3AWwI+0rM4F/CT4RyaY',0,'Gideon Kimani Kamau',0,'student',NULL),(1429,NULL,1425,'girisahi@msn.com','[]','$argon2id$v=19$m=65536,t=4,p=1$uA8jp/vhYgVBrZzHurkAig$W7vAY4/SJhl3YLTwc9BSJHRBBB9w2lBpU5EZF7LpVPY',0,'Giri Babu',0,'student',NULL),(1430,NULL,1426,'idagizajoy@yahoo.com','[]','$argon2id$v=19$m=65536,t=4,p=1$iq0xOrCyyBqYhpsCsBP6Rg$kjwIvnz6lhVtpcWyW/u3n33CdZ06Aol4tbR4gBpkFJs',0,'Glen idagiza Mugasia',0,'student',NULL),(1431,NULL,1427,'aizengien@gmail.com','[]','$argon2id$v=19$m=65536,t=4,p=1$dQQRPyNbqyQxes2ziwLxvg$kMzfI5SXDaYRdHiE4Prl1wy5IKipj74IvPBW1MP91us',0,'Glen Oduge',0,'student',NULL),(1432,NULL,1428,'goddym007@gmail.com','[]','$argon2id$v=19$m=65536,t=4,p=1$5a7fudW9XXmwjbsNDG2mhw$xo9L/AuCtUPmpVVfnuQvvT1EfzAHA9IFNzk10YFotvo',0,'Godwin Gichohi Mugo',0,'student',NULL),(1433,NULL,1429,'gkarimi883@gmail.com','[]','$argon2id$v=19$m=65536,t=4,p=1$UnjyRt9A9pwhAeRpELlerQ$ETtsiL4b2oGMfl92K+FV+//Qo4/I/jZChuVVVxJ0HO8',0,'Grace Esther Wangui Karimi',0,'student',NULL),(1434,NULL,1430,'gracenashipai8@gmail.com','[]','$argon2id$v=19$m=65536,t=4,p=1$ujQdcN03dgqkqNbjn8bA4w$lni2nH/4osILquR3MKvrIZuzWeWQb7qah1EG3rvK1nc',0,'Grace Nashipae',0,'student',NULL),(1435,NULL,1431,'ragoimusic@gmail.com','[]','$argon2id$v=19$m=65536,t=4,p=1$d5Kj748D74j7D4PSB4WFJA$z1g+0oHvQ6ppLBvYzBLQPYdsCa+kGLoQRzxygcC/O+s',0,'Grace Wambui',0,'student',NULL),(1436,NULL,1432,'Not Set110','[]','$argon2id$v=19$m=65536,t=4,p=1$47TNXl9QoanKAbowoSW6xQ$1QoLFAt/VytrqmhMrj8ApwF9HuRaiV78p03O8ePoleM',0,'Heather Wamae',0,'student',NULL),(1437,NULL,1433,'muriukihellen123@gmail.com','[]','$argon2id$v=19$m=65536,t=4,p=1$Jq9iizy0cX9PcuNYrY+ckw$yhNVxb0RGTMRqXBTzOmikw7GI0Z4+xUeIozFVuUs4dc',0,'Hellen Muthoni',0,'student',NULL),(1438,NULL,1434,'wandirik@gmail.com','[]','$argon2id$v=19$m=65536,t=4,p=1$NTPudDHquRRiSIknl8ag0w$cFf0/JQdzXX4qnzQ+QhCNIL8GsKDySMBAeBC3JphdxM',0,'Heri Rimbui',0,'student',NULL),(1439,NULL,1435,'anyangoemmanuel@gmail.com','[]','$argon2id$v=19$m=65536,t=4,p=1$qj37mNB3hKHlRIo3A5yk7w$8sTabfM70kZkHVtg+52jncYS5V9x6NuBL2I+M+1HjZg',0,'Hyrine Anyango',0,'student',NULL),(1440,NULL,1436,'kiaipk@gmail.com','[]','$argon2id$v=19$m=65536,t=4,p=1$7NQwSbzltkJdFdITaqRPoQ$F6eW58ifiRnpvqY2qpkIx0xTNdXqFhUO6Am7yYTp5v0',0,'Ian Kiai',0,'student',NULL),(1441,NULL,1437,'nil','[]','$argon2id$v=19$m=65536,t=4,p=1$S5AyzI4pWZc/3nlg4/85hQ$EW/StxUCLRlw4qJ4rTLrGeYZqjWomk2s1n6sZWuR2zA',0,'Isaya Benedicto Nzimenya',0,'student',NULL),(1442,NULL,1438,'Not Set116','[]','$argon2id$v=19$m=65536,t=4,p=1$YcaHC4JMhrVSi9hM7aVKVA$Cl7G7fEqiFWc71Bg17FzTpCquW7qb9KjZTg9OfJbunA',0,'Isidore Tunner',0,'student',NULL),(1443,NULL,1439,'irkasale@gmail.com','[]','$argon2id$v=19$m=65536,t=4,p=1$2l8vQqicrfwkbWrTfR8WwQ$Bp+3pYvtWOtNudYQkm/4ogF9L/bxoN+rd2Ml8WQ5jeY',0,'Ivy Reson',0,'student',NULL),(1444,NULL,1440,'ivynyayieka@gmail.com','[]','$argon2id$v=19$m=65536,t=4,p=1$Wj5TQOAw5TQnY9h5BFq3ng$ie0+CH/8XUn4JCXbjVHkgZ8kzj1hDb9sLTPTh2SVoG8',0,'Ivy Nyayieka',0,'student',NULL),(1445,NULL,1441,'mureithijacksoninfo@gmail.com','[]','$argon2id$v=19$m=65536,t=4,p=1$VVymW2r58UnXro8pJ0PunQ$7WlfHGflRDrw+sXAkppr56yILCJehUF+I4Yv7LvpAOs',0,'Jackson Mureithi',0,'student',NULL),(1446,NULL,1442,'jake.mugambi@gmail.com','[]','$argon2id$v=19$m=65536,t=4,p=1$rZ6x/2mlpRAk8V6M8r2i4w$cR7snxRKHGa3EX+k/luqOYx2c0JMVbW02mQt4z55G7A',0,'Jake Mugambi',0,'student',NULL),(1447,NULL,1443,'mungewamunge@gmail.com','[]','$argon2id$v=19$m=65536,t=4,p=1$G0gS6kmbN9JxMTo4H5xBvA$fHrJ82mcZ3Z5AOnxv4MgCWTNyQuo7g7qS9wT7JxR0Fw',0,'James Munge',0,'student',NULL),(1448,NULL,1444,'Not Set122','[]','$argon2id$v=19$m=65536,t=4,p=1$E1gQf2JSsBTGE7ETULJQww$aOqxW2zTa5OzzwHFSZk2+/Jrv8F5CUUnVEth5hXGfMc',0,'Jane Kariuki',0,'student',NULL),(1449,NULL,1445,'JANE_LORNA@YMAIL.COM','[]','$argon2id$v=19$m=65536,t=4,p=1$4cpa+hcfq007tLHZSuC6Ow$bIWNdOErnwHaxA76jhNBGLJkE/EAMWjMQsAQQDGlo3c',0,'Jane Nyambura Mwangi',0,'student',NULL),(1450,NULL,1446,'jkchege@britam.com','[]','$argon2id$v=19$m=65536,t=4,p=1$TSCnCSbRX6fv4aKa+0Ab/g$X7f3h0D0Hg/enn4Zj7a6Sli8zG6XMyYzqzOH5vQn43A',0,'Jasmine Chege',0,'student',NULL),(1451,NULL,1447,'jkmbui@gmail.com','[]','$argon2id$v=19$m=65536,t=4,p=1$yXXHTEA8sn/44m6fac7FoA$9/jte+vVrqrpKjCLJAP3ie4CqsRdl9XiY0WYvJ2vIU8',0,'Jasmine Mbui',0,'student',NULL),(1452,NULL,1448,'bobotema@gmail.com','[]','$argon2id$v=19$m=65536,t=4,p=1$KyghA/EaD/c6c17253T7XA$byzM6s64UmVzsEsi3lfGSi6gmFZHfFHKNjQCMULcq8w',0,'Jason Abongo Abour',0,'student',NULL),(1453,NULL,1449,'wambuialice@gmail.com','[]','$argon2id$v=19$m=65536,t=4,p=1$SvpKbXpLSlaSc3b0iQt41A$EqGE1NP7fr4W1pXOH+Ikx+zCesKyhf5S9pTADYz8TRs',0,'Jayden Kabocha',0,'student',NULL),(1454,NULL,1450,'jmambala2015@gmail.com','[]','$argon2id$v=19$m=65536,t=4,p=1$pAYb8QxeRwqu7YeH1d/weA$dpDAeebVFbejRo6nWglkxNeByp7Tapj00Qcdc7HySx0',0,'Jemimah Mambala',0,'student',NULL),(1455,NULL,1451,'muekejennifer@gmail.com','[]','$argon2id$v=19$m=65536,t=4,p=1$YmntCxC+tJkJoHkXgfB7/Q$2dFDNlgBucX0ErUOm67Q89sV1hOzyj3CdP0QKzx9NKM',0,'Jennifer Mueke',0,'student',NULL),(1456,NULL,1452,'ilihaoti@gmail.com','[]','$argon2id$v=19$m=65536,t=4,p=1$NkiUiXg8RAmrNb7Lymrx+w$gZyC6lsy3z9IY+nQxIVFz7nV/+A5rEkHJ5X7eWusxas',0,'Jeremy Damian',0,'student',NULL),(1457,NULL,1453,'mutuku.martin@gmail.com','[]','$argon2id$v=19$m=65536,t=4,p=1$Y5WkPHyXNcQn8H3Kf9Q3vQ$d4okAnxVF7GsdQ7RBeSrKfJGk1p9Coh6XaPcc1fTL+8',0,'Jerome Maina',0,'student',NULL),(1458,NULL,1454,'nkathajessie@gmail.com','[]','$argon2id$v=19$m=65536,t=4,p=1$x3fssQVbnPR7TnoeFpE88A$qPNykp4cS/1oQj9XLzlcq97eotmJRE8nU5Lso6RiukM',0,'Jessica Nkatha',0,'student',NULL),(1459,NULL,1455,'jessieovetti@gmail.com','[]','$argon2id$v=19$m=65536,t=4,p=1$5QuXixZp1Z0rnauuAXR/Ow$7LBg/oN4BbJqgujSNyFcqvEai1On5z7kvqE36KRxAWQ',0,'Jessie Kangari',0,'student',NULL),(1460,NULL,1456,'barakabinja@gmail.com','[]','$argon2id$v=19$m=65536,t=4,p=1$yfqys38d3fcKwy/902H/Ng$iXc96KCptGokGdIVnjMoNEdr2Bzw4pQzh0C2dD+ClsE',0,'John Baraka',0,'student',NULL),(1461,NULL,1457,'atishengsanifu@gmail.com','[]','$argon2id$v=19$m=65536,t=4,p=1$g9pr881lEY+FHU5Z+4TLBQ$7CneYgeoJaCgdJurooSTuDSAh7HQtObNuMNjPmIOPLo',0,'John Mumo Paul',0,'student',NULL),(1462,NULL,1458,'johnyagah466@gmail.com','[]','$argon2id$v=19$m=65536,t=4,p=1$SY6Gm3/wsDUZcCZJwifdvQ$CXHVuq8JfcJXioDKj1ZfBWbI03eOAB6dQ9vL/srK+po',0,'John Mwangi',0,'student',NULL),(1463,NULL,1459,'Not Set137','[]','$argon2id$v=19$m=65536,t=4,p=1$3bF+Fik6j1d/5PCpnbpO1A$lo6l/K2vRkvIsXcF0VYocdiUc2DRBFcLnnIRWQqT0fM',0,'Joseph Ayimba',0,'student',NULL),(1464,NULL,1460,'bronzearrow29@gmail.com','[]','$argon2id$v=19$m=65536,t=4,p=1$19PSPnBs8mOtYBO/6P+d2g$EsUNSJFxGTCcTX40EFDOhbbearQROmitSd+4IQgpmIY',0,'Joseph Dennis Muthiungu Musyimi',0,'student',NULL),(1465,NULL,1461,'kemunto.kiniaru@gmail.com','[]','$argon2id$v=19$m=65536,t=4,p=1$SqAI+jicAoh2/7hQyrE6EQ$Tz1SZOmRbCJWmERs01cTSB4xKDpkUOuqfkqXympEL7k',0,'Joy Kemunto Kiniaru',0,'student',NULL),(1466,NULL,1462,'mmbones@yahoo.com','[]','$argon2id$v=19$m=65536,t=4,p=1$kwxh+yYU/LgI8d1QbR9bPQ$B52ErrohH74OpHsFpanWxsLgkEe1XnAcegW9Ei0c8kg',0,'Joy Muteshi',0,'student',NULL),(1467,NULL,1463,'Jkamene477@gmail.com','[]','$argon2id$v=19$m=65536,t=4,p=1$WKKt9KYL/6KMRXlpN3s+tg$OC1LYsd1PAfDTcI048IA56qA73bSEbndfYLRx/7NvOw',0,'Joy Nthakyo',0,'student',NULL),(1468,NULL,1464,'joykirii@gmail.com','[]','$argon2id$v=19$m=65536,t=4,p=1$PIQQs0oeRVw/T1st8ebZwQ$g70UBgWMNfizUiSCdog2JxXMsG41bktf/Gaa2Vrt9hQ',0,'Joy Wangui Kirii',0,'student',NULL),(1469,NULL,1465,'kkamurasi461@gmail.com','[]','$argon2id$v=19$m=65536,t=4,p=1$93REsDA3DSWdO3h6EYnneA$NdWBUCTgWaSD7/Og+1vTAZWyzEOhR/49mnHD/Do/YIc',0,'Judith Kamurasi',0,'student',NULL),(1470,NULL,1466,'judyrameto@gmail.com','[]','$argon2id$v=19$m=65536,t=4,p=1$rrcrP3JOks9sU/6gOuKJHQ$lkGLp9a+TObXw2wtGoI6OWBK0AJWUH/PV1d3qSyBsSE',0,'Judy Ratemo',0,'student',NULL),(1471,NULL,1467,'skykidsun@gmail.com','[]','$argon2id$v=19$m=65536,t=4,p=1$OS+v2QD3+vsFELZ9ip824w$vTRpSl3/JaXh/65zHTNWMQn0J8IXr1WLIUw05Z00ZXw',0,'Julia Luo Yu',0,'student',NULL),(1472,NULL,1468,'jiyoungson01@gmail.com','[]','$argon2id$v=19$m=65536,t=4,p=1$5Uj/GJZeo8mz3Ur7TDnUiA$cb/G9Iq34RlmKUFx/pS4rwr6SNNpfz5wmdAQoHiOlMo',0,'JUNWHAN LEE',0,'student',NULL),(1473,NULL,1469,'caroline.abuor@gmail.com','[]','$argon2id$v=19$m=65536,t=4,p=1$ybExWmHzSE+LPkwpEWMBAg$3MExjSViVmAkpjVDMDqvUDPT29CApT8uTn3/37t3TBk',0,'Justin Aduma Abour',0,'student',NULL),(1474,NULL,1470,'Not Set148','[]','$argon2id$v=19$m=65536,t=4,p=1$RB/WrLj87Zx4HGfp40vYZg$soXtcGNTzb2qocqQ+eC1ToXrMAdA7p/yEHIrVzY77rI',0,'Kaitlyn Chemutai',0,'student',NULL),(1475,NULL,1471,'jew.muruiki56@gmail.com','[]','$argon2id$v=19$m=65536,t=4,p=1$bIq9W6cBEhB/C7+zwGIWqQ$TK3sJOmDiLXISBja3ooaYfTLE8ANf+5or2XNBUCymRU',0,'Karen Muriuki',0,'student',NULL),(1476,NULL,1472,'katembolwan20@gmail.com','[]','$argon2id$v=19$m=65536,t=4,p=1$1ImY0UmXDHSGGww2fznh4g$zNV1UMYP57JE7jLpgtgyhbM3Mjf4d8SqXYmzaXjWIbA',0,'Katembo Michee',0,'student',NULL),(1477,NULL,1473,'kembenimrodgodhiambo36@gmail.com','[]','$argon2id$v=19$m=65536,t=4,p=1$3HKWKw2aSWmiXqe7WIlepQ$MhsFUyY8/2UlP0uiRbS+TZnFX5QkCcaJ6GYwrPF3UMQ',0,'Kembe Nimrod Odhiambo',0,'student',NULL),(1478,NULL,1474,'kungugacigi@yahoo.com','[]','$argon2id$v=19$m=65536,t=4,p=1$hukJXsrR+P2iHTq8vT/SEw$7u1q5gP2x3OgHJm5rPMmrzhsZDZS1H9WrfHQ9Wr+7hg',0,'Kena Nduta',0,'student',NULL),(1479,NULL,1475,'mugambi679@gmail.com','[]','$argon2id$v=19$m=65536,t=4,p=1$9AGK0jC3Qg/zG79Pp70a4w$Y609c5mtWzyyvX6zoBLHtOgTSxGZL423qJutWwq/Qg8',0,'Kevin Mugambi',0,'student',NULL),(1480,NULL,1476,'sungaooko@gmail.com','[]','$argon2id$v=19$m=65536,t=4,p=1$XY4gYMvq3AjQpjw5F9dhtA$9uSIvd4XuFfjcuXwBr81rQ87F8NDw20dAbQakMBs6QU',0,'Kevin Sunga',0,'student',NULL),(1481,NULL,1477,'trameshpoojari@gmail.com','[]','$argon2id$v=19$m=65536,t=4,p=1$e8Ew++ujPiRXG0fFmujmzQ$AsnywtnE+P4Q9gZ1kWO0ax5h4rj+FKVaaJub0T+Uzmg',0,'Khilna Poojari',0,'student',NULL),(1482,NULL,1478,'hellenagama@gmail.com','[]','$argon2id$v=19$m=65536,t=4,p=1$GbF7wigzuXuCr7BPyp1ikQ$mc92SuT78Z0Nv9oYVXWOO1u1iscUFavuy1xsskwp3Io',0,'Kofi Kamau',0,'student',NULL),(1483,NULL,1479,'Not Set157','[]','$argon2id$v=19$m=65536,t=4,p=1$iDh5yHXmxYYEyLtPyo9rsQ$oVLB+ahM9DCCswI7D9ION0vyHNuAdoayO39ensIiuR8',0,'Krystal Wanja Kanai',0,'student',NULL),(1484,NULL,1480,'Not Set158','[]','$argon2id$v=19$m=65536,t=4,p=1$yj5V1A7vrlwWAF/xXz40hg$Zeizu3oYR804rmCkyh2m/RiHdU5VEXA6zGsoObBgovA',0,'Krystal Wanjiku Mburu',0,'student',NULL),(1485,NULL,1481,'Not Set159','[]','$argon2id$v=19$m=65536,t=4,p=1$OEzeFtsthsNh9PUfaSK0ag$TWfoL+v4Fk1SsoD016xjBupgAthbYwK5iRIuFFpU/fU',0,'Kunji Adamali',0,'student',NULL),(1486,NULL,1482,'Not Set160','[]','$argon2id$v=19$m=65536,t=4,p=1$kbwCHbZTYkYzoDAxYRaGHw$507LhlzoFO0QM+Mz/BaUxyvZWegn66cUIjoYoq29rlM',0,'Kuria Kamau',0,'student',NULL),(1487,NULL,1483,'ndanukytha@gmail.com','[]','$argon2id$v=19$m=65536,t=4,p=1$doRh9G+x3rfgU9QBMnrUmg$TVpniddmLVTXZ4glzg+hCUZsr6aZ8VN7QIuL6uPre1g',0,'Kyatha Blessing Ndanu',0,'student',NULL),(1488,NULL,1484,'lauralauryn823@gmail.com','[]','$argon2id$v=19$m=65536,t=4,p=1$PyuQmyVf/skOdrJjd206SQ$fWTNMk79xZB9X0AsHVtx3GO+dGKbb+EG+2tQgkb6ASE',0,'Laura Wangui',0,'student',NULL),(1489,NULL,1485,'elizabeth@alzkenya.org','[]','$argon2id$v=19$m=65536,t=4,p=1$4ESRi0fAvSWEnwyeVlKfyA$ChQvuypvCsp5YqNkaHBYpGoTULBW84VYaH0YXj9P8EY',0,'Leanne Mutunga',0,'student',NULL),(1490,NULL,1486,'mntore@gmail.com','[]','$argon2id$v=19$m=65536,t=4,p=1$wenpV7haxrZBChhAKZr4eA$MlK5XBJXusqDvb4qwv4rrjnP9bn1ilSVnLN2ksWCMKk',0,'Leon Memusi',0,'student',NULL),(1491,NULL,1487,'pnankah@gmail.com','[]','$argon2id$v=19$m=65536,t=4,p=1$y86t3rD8SCoF6pPj2dYgXA$ssWWwOgl/lePjc1sxztahdHS5/+sukJNuwZwuN37kw0',0,'Leshan Lemayian',0,'student',NULL),(1492,NULL,1488,'njagi.lilian@gmail.com','[]','$argon2id$v=19$m=65536,t=4,p=1$3XSlbbXI1jCDWuJO0Xh8Rg$sQBywnFKZaXZDwfZaBdYec0Cqk0tuIkYzNqS5FFD8+E',0,'Lillian Njagi',0,'student',NULL),(1493,NULL,1489,'zarakuria14@gmail.com','[]','$argon2id$v=19$m=65536,t=4,p=1$0Nt+WdLAT8Vu7pH2JpFYkQ$3RLQwHIvUN4jamYpfx2pkn9S+PnnZ/0/A0dTKplbFyY',0,'Lisa Imani',0,'student',NULL),(1494,NULL,1490,'lpcmiranda27@gmail.com','[]','$argon2id$v=19$m=65536,t=4,p=1$5Xkb7/gnkcnthBQuQxuidA$/kt+8TZkdL2XkpjEZLWM0PGwJF5JH3hbSYSb8/FjTN0',0,'Lorraine Miranda',0,'student',NULL),(1495,NULL,1491,'wang.lulu@cctvnews.cn','[]','$argon2id$v=19$m=65536,t=4,p=1$Q0/zZyPo9egEHYFhns5jiw$CTTcN0rm1PWNSX3c/+1sYf/RfqMkaoC2mBkY5bmA5gc',0,'Lucas Wang',0,'student',NULL),(1496,NULL,1492,'hellen.hk2@gmail.com','[]','$argon2id$v=19$m=65536,t=4,p=1$BFtJ4TMWMq0nCMfqI+tg9Q$NOHvDrdSL72m3ZnmaJ0ih4Zh+uSCzdI+rUSg5QBMc5g',0,'Lucy Wangeci Mwangi',0,'student',NULL),(1497,NULL,1493,'lynashiru@gmail.com','[]','$argon2id$v=19$m=65536,t=4,p=1$zGwyj62I02pn45kl4Xqyfg$PfUnJu2lDUAMNES3mm4VbkZqPonpbPD9wBfe9ADuapE',0,'Lyna Wanjiru',0,'student',NULL),(1498,NULL,1494,'boitperis@gmail.com','[]','$argon2id$v=19$m=65536,t=4,p=1$FVWMtVju2ZNRIhnQYUmbYw$AHd6Dkr3BBLqFh/kavEcnig9O2TvttW4LsznMLsz9Nk',0,'Lynn Langat',0,'student',NULL),(1499,NULL,1495,'jmotiga@gmail.com','[]','$argon2id$v=19$m=65536,t=4,p=1$pEyNNhsARzBNZe9xeYBqLw$R/DtnvNeRmtIMBmR9uxZSdGXWTnbLywUBjsWsByzL3M',0,'Makini Motiga',0,'student',NULL),(1500,NULL,1496,'kimothograce@gmail.com','[]','$argon2id$v=19$m=65536,t=4,p=1$f7ldlu5ENtJVmwjTOL/FHA$28H4FjWpEZ1HPx8Jb1OzvcRIBx7NapYXwP5VwFX9p1g',0,'Malaika Gathoni',0,'student',NULL),(1501,NULL,1497,'naf14@yahoo.com','[]','$argon2id$v=19$m=65536,t=4,p=1$nzeqYKltF/hE3td+QUD99A$+Roea22E+YPLX8B/URp7J65zv1rozTB8+GY8ZczqiwM',0,'Maria Ogutu',0,'student',NULL),(1502,NULL,1498,'mattlaryy@gmail.com','[]','$argon2id$v=19$m=65536,t=4,p=1$H8S15K+ds5o0fU+DAuryVQ$V38DR6xOZ1MTXQVxZ2Fkp+/rBnfPPvREjrFtqTNys5g',0,'Martin Mwendwa',0,'student',NULL),(1503,NULL,1499,'marykabetu@yahoo.com','[]','$argon2id$v=19$m=65536,t=4,p=1$bT3Nqk8u6Ym6wjMNomRI5g$GgU9sMjq1MiGNSXdZNg0fLuBgYFZSnUXlxMo0I9Rw3M',0,'Mary Kabetu',0,'student',NULL),(1504,NULL,1500,'lexmungai@gmail.com','[]','$argon2id$v=19$m=65536,t=4,p=1$ci4JZ72ZuKZ7qvN1g7LXAw$Z16BmcpWH6MQAdZ9mxm3G5Cv9oiugUgGw1ZHPZgf71M',0,'Maryolive Mungai',0,'student',NULL),(1505,NULL,1501,'masalasefu@gmail.com','[]','$argon2id$v=19$m=65536,t=4,p=1$8Z5soAERaZHD0MbXEMdD+g$WT00DYI+ytDwadW06X9yPK/MGK2ieqrBfFtvvWs6+J8',0,'Masala Sefu',0,'student',NULL),(1506,NULL,1502,'mathewmagare@gmail.com','[]','$argon2id$v=19$m=65536,t=4,p=1$ssDe+jSeUwCuhezif7iOMw$vAiOXGBmix635NwCZvVbXza7jZuwnBr3Y1qgw2t68kw',0,'Mathew Magare',0,'student',NULL),(1507,NULL,1503,'kobimaureen23@gmail.com','[]','$argon2id$v=19$m=65536,t=4,p=1$eRwtVM/pB7tlupQD6dT2fg$1Vp+3rPzUSOWxVmbPLEqUW8knu7b8QOt2umTH8IpT4U',0,'Maureen Kerubo Kobi',0,'student',NULL),(1508,NULL,1504,'advmbari@gmail.com','[]','$argon2id$v=19$m=65536,t=4,p=1$Q/A/NzNVn7LfFKBBKofnPA$GZxkGGwumM7x2A+yXvIrK6g3ALSoa7/pu/Fxf52vi88',0,'Mbari Kioni',0,'student',NULL),(1509,NULL,1505,'kimuyumercy@gmail.com','[]','$argon2id$v=19$m=65536,t=4,p=1$TW8wJ2EYlBR9ld/rQe05VA$voaSB3x+P7Ek+nG5sYzoHfluBUFTv+xDtqbSNnv5cr4',0,'Mercy Kimuyu',0,'student',NULL),(1510,NULL,1506,'bettywanjiru@gmail.com','[]','$argon2id$v=19$m=65536,t=4,p=1$89aFMAeE9VTwB5amCBlrCQ$EV26jdcV90Nj0YqiPXFaErfTzIQVSv6nrVyJlncyMls',0,'Betty Wanjiru',0,'student',NULL),(1511,NULL,1507,'maina.christine2011@gmail.com','[]','$argon2id$v=19$m=65536,t=4,p=1$PpYm/9OC/ddTJ0MilEAaGg$brpxxpujJquDWDhsD6jRhfDPpZGWnSctv97GN808D20',0,'Micaela Wanja',0,'student',NULL),(1512,NULL,1508,'wmurugu@gmail.com','[]','$argon2id$v=19$m=65536,t=4,p=1$5APvRMLJSp3pNj6jSGskew$NWN/ZnXT9ySWgVlW35HFbamzHdrsMHaYEIzBGKsfDG0',0,'Micaela Woki Murugu',0,'student',NULL),(1513,NULL,1509,'C.GITHUKUASSOCIATES@GMAIL.COM','[]','$argon2id$v=19$m=65536,t=4,p=1$FUX5tDUpHrxqif+/JsDHAA$PBTXLG/zUi+4eTaYSN02r6gGVQz21di2y2hYh0crPr4',0,'Michael Chege Githuku',0,'student',NULL),(1514,NULL,1510,'kkangurumichael@gmail.com','[]','$argon2id$v=19$m=65536,t=4,p=1$RGOF68OBmWOILIMm5znMVA$teFamPeHz7iXOwPQVdomHCJhpbzhEcJA8ob/Ho6YCqM',0,'Michael Kanguru Macharia',0,'student',NULL),(1515,NULL,1511,'mmmutuku@yahoo.com','[]','$argon2id$v=19$m=65536,t=4,p=1$Xuu1l1+avJ0QqdEo776YiQ$W/LPESrn2p6KHGVGCv10lnbRIwo1rPqe4neOfCKkCbE',0,'Michael Maina',0,'student',NULL),(1516,NULL,1512,'muchirijw@gmail.com','[]','$argon2id$v=19$m=65536,t=4,p=1$eNhe8VytCeH3spi5eBhc4Q$z1x5xnAytIFdJ9mM0KC0LN8wiNypjdI+mUB9XjZkKaE',0,'Michael Muchiri',0,'student',NULL),(1517,NULL,1513,'mmmutuku@yahoo.com','[]','$argon2id$v=19$m=65536,t=4,p=1$ERYW9+hk4KZdCHLiIYm6Ug$gNLql9fU9zx3kG9PE4+/eGdY3nfflnWcgmptIp55UFM',0,'Michael Mutungi',0,'student',NULL),(1518,NULL,1514,'njagi.lilian@gmail.com','[]','$argon2id$v=19$m=65536,t=4,p=1$m7uoeqy+GLpznKlupbEUew$sOClHP9kSaBVKemIaaNVbVvytGcJrWZy7kEU9nk2VJ8',0,'Michelle Mwende',0,'student',NULL),(1519,NULL,1515,'njagi.lilian@gmail.com','[]','$argon2id$v=19$m=65536,t=4,p=1$hqoGb7t+kCiDBRue2L3FCA$BkBXG6iyOz7Wneeym1JKwByeXNBuyPPH0RRv1rQjrCA',0,'Michelle Mwende Njagi',0,'student',NULL),(1520,NULL,1516,'michelleruitiari@gmail.com','[]','$argon2id$v=19$m=65536,t=4,p=1$prSfs5DCZDxfBBIsileaNg$ya0AzE+0f3gZcbtqLeyOQ+kIM00SMWaYG9osg2OoCzY',0,'Michelle Ruitiari',0,'student',NULL),(1521,NULL,1517,'muchirijw@gmail.com','[]','$argon2id$v=19$m=65536,t=4,p=1$LjYRxoaQI2vVVN+PsTiK4g$ymgdcPSk8h0vphVLe2/tz1DwwcCLXCZXCP2u2Sq7+co',0,'Michelle Wanjiku Wachiuri',0,'student',NULL),(1522,NULL,1518,'pnduati@gmail.com','[]','$argon2id$v=19$m=65536,t=4,p=1$5tnH9j8L/patbUKqiTmx1w$WMhq7UnEY5JeJvhdFx0FtiGeC+ZUDL4DCPQNUR8yRLo',0,'Mitchelle Wanjiku',0,'student',NULL),(1523,NULL,1519,'pityfaith.nyokabi@gmail.com','[]','$argon2id$v=19$m=65536,t=4,p=1$uz7vRio5jGw0NUQuVoJJrw$qVgBWbLUnbUzVfv6x1OD6faU1pXg2/rNFubqQxiCKew',0,'Monique Nyokabi',0,'student',NULL),(1524,NULL,1520,'mosesmunyao20@gmail.com','[]','$argon2id$v=19$m=65536,t=4,p=1$M9SrTRg+lYAvksEE7vt8rw$EWF02KsfT3Hb55Zk4/iWrVCjHvQcXZMv2xNeyCyMb50',0,'Moses Munyao',0,'student',NULL),(1525,NULL,1521,'nginafaithmualuko@gmail.com','[]','$argon2id$v=19$m=65536,t=4,p=1$OKtr51CMKy4Dw3BI1J9CkQ$ROCHhlC4mS+s8oCSv6WJ0CzoErXuIGP9+C7VvFFAXZI',0,'Mualuko Faith Ngina',0,'student',NULL),(1526,NULL,1522,'danielkariuki3005@gmail.com','[]','$argon2id$v=19$m=65536,t=4,p=1$GBrICwtTbALZKl33kdvS0w$diK+6JBgHMxj7A0BkXYZwDiWYxpYzavx0yjAWlfXfLw',0,'Muchiri Daniel',0,'student',NULL),(1527,NULL,1523,'mmwendia@gmail.com','[]','$argon2id$v=19$m=65536,t=4,p=1$1YiaJhYdK919POmlV/vaUQ$ZI9KffVB+rFvWfdFceVi7RaVpHwenA4GrgFdpCcw5/A',0,'Mugambi Mwendia',0,'student',NULL),(1528,NULL,1524,'chikashana.mulenga@gmail.com','[]','$argon2id$v=19$m=65536,t=4,p=1$r2ASQZAh0N7tmRU0gilxrg$Ir7RRfx9vLHzE7/DLqdxn5edllxIXllHuwtDZfVFfDk',0,'Mulenga Kabwe',0,'student',NULL),(1529,NULL,1525,'maryannmumo@gmail.com','[]','$argon2id$v=19$m=65536,t=4,p=1$+64oOT6G1GUGV7cqtMmahA$+OxM3j1euzqeO31WmXBrruUyHXdrUTwoAsmYELgi+B0',0,'Mumo Maryann Mbinya',0,'student',NULL),(1530,NULL,1526,'muriithikimani944@gmail.com','[]','$argon2id$v=19$m=65536,t=4,p=1$mCNltHbqNlvrS0l9HEYvmQ$q1twffyhwRYHhA3hIeqDvqpXNKyyGQJz0CGR7Gw/tdE',0,'Muriithi Kimani',0,'student',NULL),(1531,NULL,1527,'mbathim@gmail.com','[]','$argon2id$v=19$m=65536,t=4,p=1$On8RZ1DApdvDjjYOoT/tnw$RhtTIje0kw6fHgEPTPbJxCwJbIuKh0GqcXCZkPuskVI',0,'Musyoki Mbathi',0,'student',NULL),(1532,NULL,1528,'kyama.mugambi@gmail.com','[]','$argon2id$v=19$m=65536,t=4,p=1$pA8GTVFJCtrf/qnjfKGOqw$8jQU8xmaVFvFNn8OlQZc6B/WFj35XglFmrcjHkppHoQ',0,'Muthoni Kyama',0,'student',NULL),(1533,NULL,1529,'awmuigai@yahoo.com','[]','$argon2id$v=19$m=65536,t=4,p=1$8Xlq1amAkOrOZnQnRtM3gQ$wgWXYYElCjHTejEMUbnWvIVPmGrJhEjyGKzPt34jcXM',0,'Mwaniki Muigai',0,'student',NULL),(1534,NULL,1530,'sir.richardn@gmail.com','[]','$argon2id$v=19$m=65536,t=4,p=1$z4YfAOADQIwBa5gBv5swEA$pZcqTdwAEUxQhiMZA9AOlW1W+UJ7VEz2euGCiNYVuqs',0,'Mya Wambui Njoroge',0,'student',NULL),(1535,NULL,1531,'stevganga@gmail.com','[]','$argon2id$v=19$m=65536,t=4,p=1$tCnXxgkPQNI+rZYbyl4B7Q$EvHByB8I7oC7/ydPqqkC7mZkxHwRHbN4K2CvTZ3Tdhw',0,'Naima Wangui Ng\'ang\'a',0,'student',NULL),(1536,NULL,1532,'zipykim@yahoo.com','[]','$argon2id$v=19$m=65536,t=4,p=1$lbEW6Oxxo3NzEukIevWCmg$Vi92uUMmozl1AVQQwMHRtA9+QC49gEO4pOWwbSNstRM',0,'Naomi Mueni',0,'student',NULL),(1537,NULL,1533,'tashamwiti670@gmail.com','[]','$argon2id$v=19$m=65536,t=4,p=1$W0PbwF2HSHjKvvJfXh79iA$wFVcvNhC9ZUzRTxgEuVqEnHc0AsTmTOnRcHW7BGqxxw',0,'Natasha Mwiti',0,'student',NULL),(1538,NULL,1534,'donochola@gmail.com','[]','$argon2id$v=19$m=65536,t=4,p=1$r9mXK/p8vIB+UX6UFdQ5iw$AjmdHd9luQSIwaw+76Np86pWHa60E8DdJDrKSX2KC2E',0,'Nathan Hawi',0,'student',NULL),(1539,NULL,1535,'jiyoungson01@gmail.com','[]','$argon2id$v=19$m=65536,t=4,p=1$ZyX9Kaiwd9xO+1tLsRtwAw$8HIWMU8w4jlwoZqz8ihH4IyZ6+6MltJugFqbBAM15A4',0,'Nathan S. lee',0,'student',NULL),(1540,NULL,1536,'christinendeti@gmail.com','[]','$argon2id$v=19$m=65536,t=4,p=1$whkor9Mz+tfYvxzDE7MYfQ$+bZmJudXkSqhBSmLksJdySVwBFMleDceBHB9PtLjusY',0,'Ndeti Christine Mwende',0,'student',NULL),(1541,NULL,1537,'nziaustindolomail@gmail.com','[]','$argon2id$v=19$m=65536,t=4,p=1$R/1A0Mou3JSJS1uXo6D56Q$uznGQZV1O8DggBp7XI/yp/z5am4r3v5f/P4seNqxXjA',0,'Ndolo Austin Nzia',0,'student',NULL),(1542,NULL,1538,'Not Set216','[]','$argon2id$v=19$m=65536,t=4,p=1$WGUN+ZHZigbpS6kueR7L3Q$wogms+l8CQQuMsDwC8vGxw8mevXxX3nC4Gul9TudRAo',0,'Ngendahayo Heritier',0,'student',NULL),(1543,NULL,1539,'amosndungu40@gmail.com','[]','$argon2id$v=19$m=65536,t=4,p=1$cdb833z6UTkvT1KYv2TZNg$OuTC1rUP+kgp0kjwu4QSeQIC4kINHMqTksYHLjxytTk',0,'Ngigi Peter',0,'student',NULL),(1544,NULL,1540,'gk.ngure@gmail.com','[]','$argon2id$v=19$m=65536,t=4,p=1$4YW+euZh7yL/nUynskkwlA$htq0NOCcJeSqEc51Nb91w2qifLT/yq7DMYt+S5DTtl8',0,'Ngina Kamau',0,'student',NULL),(1545,NULL,1541,'gk.ngure@gmail.com','[]','$argon2id$v=19$m=65536,t=4,p=1$j1hT2V4nD/qWZhDA4nYD2g$lVlCeiXw3QX9BLx3MzLnjSqi1TRCzLYvbMmhovRqPEY',0,'Ngure kamau',0,'student',NULL),(1546,NULL,1542,'boitperis@gmail.com','[]','$argon2id$v=19$m=65536,t=4,p=1$J0A64rQ8ZaEawf/8X+rzVw$VARhe+hTRKHURhuM/NlAcs79lDyYFBZrmXetfr2TXN0',0,'Nicole Langat',0,'student',NULL),(1547,NULL,1543,'nairobiprojectors@inbox.com','[]','$argon2id$v=19$m=65536,t=4,p=1$vsRP6GhUFAEi1aU6+UHynQ$0I0eW0DiIrDLDuGfF7a6FHrRMln5BeLyvZCdifxWiCM',0,'Njoroge Macharia',0,'student',NULL),(1548,NULL,1544,'themusicofjogs@gmail.com','[]','$argon2id$v=19$m=65536,t=4,p=1$V2v1Qb+Vs22WKL3JfKtiKQ$DCGnwx8ZdpFsL6/KIo7CSuIO05qquuU2ERRC7S1ITGE',0,'Njoroge Regeru',0,'student',NULL),(1549,NULL,1545,'Not Set223','[]','$argon2id$v=19$m=65536,t=4,p=1$p1zDW6OqSBIH6Z5aeFFgFQ$t8jF4Ma/MeOXDuc8E0Vwxjg54E9NPbqho4iAdvi9vcA',0,'Nkatha Omondi',0,'student',NULL),(1550,NULL,1546,'noelamuturi@gmail.com','[]','$argon2id$v=19$m=65536,t=4,p=1$pSNwVlYpgcZI9DrKLaLktg$Cf1KLbYkU1xR188dLuZyrG580L2b4tysd+2ycLHpz2A',0,'Noela Kibui Muturi',0,'student',NULL),(1551,NULL,1547,'cmundia@siu.edu','[]','$argon2id$v=19$m=65536,t=4,p=1$qbesc6r6Fyj+LpaGf4PfQg$5qH9on8DcrfQqBsqDx0SlChxDKsx6c+Ak1sf9J33yKg',0,'Norah Lamar',0,'student',NULL),(1552,NULL,1548,'nyariaranjoroge@gmail.com','[]','$argon2id$v=19$m=65536,t=4,p=1$f2h3+PSFAh8lyv/ffLNeCA$Sy5Bg+fTXbu4JG1nd3dprwnH42J5vX1eGqEpiQnsLpc',0,'Nyariara Njoroge',0,'student',NULL),(1553,NULL,1549,'gnmuumbi@gmail.com','[]','$argon2id$v=19$m=65536,t=4,p=1$lkPwsn+xzO9DUKGNf4Hmdg$qCg9pu8Qz2FAT15WdsHjjuh7gJuMVp/LTDnQLZSGEhI',0,'Nzilani Simu',0,'student',NULL),(1554,NULL,1550,'odoyolizzie@gmail.com','[]','$argon2id$v=19$m=65536,t=4,p=1$HxFKmZAsM8k9Jvjm9z/b9w$vxvEM46Bty+YShZz9euciMNGOjTCJ9CFwto3yI+ogkw',0,'Odoyo Dorothy Lizz',0,'student',NULL),(1555,NULL,1551,'onesmasmanero56@gmail.com','[]','$argon2id$v=19$m=65536,t=4,p=1$Qwak75TFr4h3ZiorqF06dg$EDi1UM9ef++Ra+1woqyyS4t+1psptEpNDHffWXvPJOA',0,'Onesmas Manero',0,'student',NULL),(1556,NULL,1552,'oscarokectch2012@gmail.com','[]','$argon2id$v=19$m=65536,t=4,p=1$0/gBIBkS8oXV94uArUQkxQ$4sNupP4kkoami5SCPbSnJq9R0VCMsLVi9Rl8hBBlCiA',0,'Oscar Oketch',0,'student',NULL),(1557,NULL,1553,'pattnzomo@gmail.com','[]','$argon2id$v=19$m=65536,t=4,p=1$xqObHYotxKr7JOEARgehjQ$mg2cuvcYNhrHvcVmZyIY43wG3ddZ0bhOljdcpkw3JFQ',0,'Patricia Nzomo',0,'student',NULL),(1558,NULL,1554,'mbuguapatrick2016@gmail.com','[]','$argon2id$v=19$m=65536,t=4,p=1$a7BsDcN2RyxTeqMRSqT2Hw$ki5oXxiH9Bdpwj49roO0olukBsDo5AVI3dj1d7SonUE',0,'Patrick Mbugua',0,'student',NULL),(1559,NULL,1555,'machiodavid@gmail.com','[]','$argon2id$v=19$m=65536,t=4,p=1$xyDqLBeKhTtsOH+kwRBf7A$Fp12MIwDwjsibzRd1spfH4jxJYI5kO9jdhJCFy+lxLA',0,'Patrick Wandera',0,'student',NULL),(1560,NULL,1556,'pchegenjenga@gmail.com','[]','$argon2id$v=19$m=65536,t=4,p=1$K0yd8Jgv4ZOpfqMG3v2/Og$QWopviMI9SEsZG8q0db+fjjzPzp8BJRgcRZCA5S/ep0',0,'Paul Chege',0,'student',NULL),(1561,NULL,1557,'gpmaina@gmail.com','[]','$argon2id$v=19$m=65536,t=4,p=1$KkOglVIDesTj4Wwb6GEbwQ$jviRbMvnefW2XZSioO4PSimSbo8SHqzb6WhglWbewag',0,'Paul Gitonga',0,'student',NULL),(1562,NULL,1558,'pepekuria@gmail.com','[]','$argon2id$v=19$m=65536,t=4,p=1$3O9UahZmVFQ6ijs3Q2ZG0A$WGHCpOCfZLIAN6p48r14D6lGfP3NZLjsNAn/d3zkMUk',0,'Peris Ngami ',0,'student',NULL),(1563,NULL,1559,'gitongapeter79@gmail.com','[]','$argon2id$v=19$m=65536,t=4,p=1$1XvEEKXZ1QdYCDSFu6KCdg$oOJECsy0BPWh6ccmOxy9/de4KQYE0CuYasaLJ9jFAfc',0,'Peter Gitonga',0,'student',NULL),(1564,NULL,1560,'ptakamiti@gmail.com','[]','$argon2id$v=19$m=65536,t=4,p=1$NiNLkNF2CFPGAYV5PnRVrA$2EsaM0bYmwsF2I/nir8PWvwurWsgrkWtclOyWD+Q5Hw',0,'Peter Kithuka',0,'student',NULL),(1565,NULL,1561,'wuppyfox@2Q.com','[]','$argon2id$v=19$m=65536,t=4,p=1$ctu4f2dXvApM2WfNxcoKYA$Mc5vlWNfPyVTOmTopERZ1havVFpFfKfljkYyfs8MeKs',0,'Peter Liu',0,'student',NULL),(1566,NULL,1562,'ngethekiongo@gmail.com','[]','$argon2id$v=19$m=65536,t=4,p=1$Qul0uNdciS1penXJyQWtiw$UK4o0jjOfDLkuSzcbuWjetBHvllcW8JE6ByVpZkj41U',0,'Peter Ngethe',0,'student',NULL),(1567,NULL,1563,'nyongoanyang@gmail.com','[]','$argon2id$v=19$m=65536,t=4,p=1$pJGT7yeGI0CLwTl7SOk1Nw$JnsqDUemaW9bhNQM3HUoBhRo38zlW9Qlpl0gi74asy0',0,'Peter Nyong\'o',0,'student',NULL),(1568,NULL,1564,'jkamene477@gmail.com','[]','$argon2id$v=19$m=65536,t=4,p=1$jjJq9CeMXJnetUPdF/QuPg$0wifoEG7xgOQKqdrzxG7rPz+6rNs8j20UtOJnC6bdQo',0,'PHIL KOIKO',0,'student',NULL),(1569,NULL,1565,'Not Set243','[]','$argon2id$v=19$m=65536,t=4,p=1$cr6udPF/VRKrJUvJ/TuOdQ$wl2+JDy+qbbf4FJEte9nkAxxuJCt5wQUWkmG02C+sNo',0,'Polycarp Otieno',0,'student',NULL),(1570,NULL,1566,'Not Set244','[]','$argon2id$v=19$m=65536,t=4,p=1$vSRu9QgbmCPcN8zyFWZknQ$s3TG7N1fBhkdHVR7Ok23fpai+SqPSq37tTSLPxCypLw',0,'Professor Kungu',0,'student',NULL),(1571,NULL,1567,'machiodavid@gmail.com','[]','$argon2id$v=19$m=65536,t=4,p=1$VAxzXtJZqgqva61yRqaQHA$sFFP6kjVrUwEqIuTwmkshpOtKvr1TlaKvP+zbrbFTCo',0,'Pulcheria Wandera',0,'student',NULL),(1572,NULL,1568,'R.GITAU@LIVE.COM','[]','$argon2id$v=19$m=65536,t=4,p=1$0TjV57VGMGz2dIqm7zqqEg$raUBEDcdQbNtB89zLT5qe2Opp6FCDvAU6KHCvrw5N1s',0,'Rachel Gitau',0,'student',NULL),(1573,NULL,1569,'shironjoroge26@gmail.com','[]','$argon2id$v=19$m=65536,t=4,p=1$ss91FYyEiCuBArzfxdI+Qw$0uwoRme+vu1jKxM86h7vHNomobb4s7NqBYELJacRJHk',0,'Rachel wanjiru Njoroge',0,'student',NULL),(1574,NULL,1570,'raphael.agung@cbagroup.com','[]','$argon2id$v=19$m=65536,t=4,p=1$vaGw41flWbw12n6vptGdww$a1NBhMZvlHRX+NQT3O+FSkik54YxuLHyz0fg/zXNB1U',0,'Raphael Agung',0,'student',NULL),(1575,NULL,1571,'reganonyango09@gmail.com','[]','$argon2id$v=19$m=65536,t=4,p=1$tdxgZkvBcaHTPLP0XKjiAQ$ZK1/+OVTPI3MLMXjlzLiBhDkxL41avBh0iEm/z0UxxE',0,'Regan Onyango',0,'student',NULL),(1576,NULL,1572,'Not Set250','[]','$argon2id$v=19$m=65536,t=4,p=1$N86MpYwJ49hA4gxiMGcR8g$DYJp4wMDhlV0Y1jQIbHD8giHVwxiRlGU1ZpnxChWDHc',0,'Rehema Kabare',0,'student',NULL),(1577,NULL,1573,'rkaesa@gmail.com','[]','$argon2id$v=19$m=65536,t=4,p=1$0QDJXBiHWR7et1qHTiqCpw$I7lqlyYbcCFHJFn0VZmIwNnqj8ylWgs9RmSts2s8mzE',0,'Richard Mulusi Kaesa',0,'student',NULL),(1578,NULL,1574,'wandirik@gmail.com','[]','$argon2id$v=19$m=65536,t=4,p=1$6dpH16qKUzEykVDXNqVeOg$WaDjDXRzfxACHS6q04/baVO3dixHTCo1fD552ZUfCZ8',0,'Rithi Rimbui',0,'student',NULL),(1579,NULL,1575,'namaleeruth@gmail.com','[]','$argon2id$v=19$m=65536,t=4,p=1$7FO+l7tWS2OsffkSpo2vHA$Iq4df4ABQxxIwMUQZZWpLNe7/FdxaHqy6WhQ2j7W9GU',0,'Ruth Namale',0,'student',NULL),(1580,NULL,1576,'rwambui9819@gmail.com','[]','$argon2id$v=19$m=65536,t=4,p=1$oPFFe3vEER/7LV0U5VmzbA$Yty72alFesFPREJqhKRY3NleTEjkTpgxS9FyA8KOtTE',0,'Ruth Wambui',0,'student',NULL),(1581,NULL,1577,'ndanuwambithi@gmail.com','[]','$argon2id$v=19$m=65536,t=4,p=1$WPKI4zJqQv+6cSXmX57Uvg$oaSABLf1+oqgHecOiNqTDrbzjjACiSTdRIgHDTm7xMQ',0,'Salome Mbithe',0,'student',NULL),(1582,NULL,1578,'iakathure@gmail.com','[]','$argon2id$v=19$m=65536,t=4,p=1$v2ND80gpi3Q8BIIkodJlqw$VLCZtJhFo/EMI0IY8bC1LtJTOwBVlUbkhyn6CXZ/DWc',0,'Samantha Rono',0,'student',NULL),(1583,NULL,1579,'etenyocaroline@gmail.com','[]','$argon2id$v=19$m=65536,t=4,p=1$DGfuSGFAEWjqzB6qOVbjcg$tPlfvU3TBnQyKFx0IGXp7TWGvMhkVa+TyNkL9n9QD/c',0,'Samara Ayuma Odari',0,'student',NULL),(1584,NULL,1580,'sammwas16@gmail.com','[]','$argon2id$v=19$m=65536,t=4,p=1$msoLdiPklgzxYyyAQ0WA4Q$sqpHGTVa+SBTaNufEyn89RxSFQ1We5GAPzlGNnDV258',0,'Samuel Njoroge',0,'student',NULL),(1585,NULL,1581,'lizsanya15@gmail.com','[]','$argon2id$v=19$m=65536,t=4,p=1$ti4h6bHYT7OEvnayXq6/zQ$u7YzgZ2gxNZQqKG2gfUppJ/nQRuMZSBRTz+p643lYPM',0,'Sanya Wanjiru',0,'student',NULL),(1586,NULL,1582,'kariuki.macharia@gmail.com','[]','$argon2id$v=19$m=65536,t=4,p=1$49J57QZyjlTknzNBqnX8qw$KPuhX/T3viG/UcxdxrhuVPkYNdQjCjnvk0M/gKLs8ss',0,'Sasha Macharia',0,'student',NULL),(1587,NULL,1583,'delvinmudigi@gmail.com','[]','$argon2id$v=19$m=65536,t=4,p=1$vDwKeUHxH/HdpE1CMtW2sA$8QeFHnu+bnCQYc6k6OtteRSIb6/wLGI0oHFx0PYDnls',0,'Savara Mudigi',0,'student',NULL),(1588,NULL,1584,'chengoseth@gmail.com','[]','$argon2id$v=19$m=65536,t=4,p=1$l0+MwxgRaG22DN0eR0f6ag$kAhP7YjeU7OkAuxrntrX8CcYv4dMPV0OxkXWXDNTJbM',0,'Seth Chengo',0,'student',NULL),(1589,NULL,1585,'Not Set263','[]','$argon2id$v=19$m=65536,t=4,p=1$IzMbWOj6UazvXBD44FpIDg$yIqxWDfns0TebjPGRBeflZv6KL4+N733vwWW8yU0uuo',0,'Sharon Wanja',0,'student',NULL),(1590,NULL,1586,'nderitushyla@gmail.com','[]','$argon2id$v=19$m=65536,t=4,p=1$uOH6TH5Yri3tjMKLY5sRfw$bUgKaKTEZelOB+KqlXskqjur3A3AGQKK87rx6UJQicI',0,'Sheila Wambui Nderitu',0,'student',NULL),(1591,NULL,1587,'shihembetsajerry@gmail.com','[]','$argon2id$v=19$m=65536,t=4,p=1$liEmbiJJOSOOPyd4qamh5A$6vTiYktNVuP25P4p/I52KJGdjOoQX9XexK1kxGGGqAc',0,'Shiembetsa Jerry',0,'student',NULL),(1592,NULL,1588,'bwamaitha@gmail.com','[]','$argon2id$v=19$m=65536,t=4,p=1$+LZd25lhUJTajHGISL3y6Q$fJ4JWERZLRyaFpIkvp/M2K6DvWbBilsBW/lxFk2SecI',0,'Sifa Njoroge',0,'student',NULL),(1593,NULL,1589,'clementouko@gmail.com','[]','$argon2id$v=19$m=65536,t=4,p=1$CbeY3nbsTQrx/MriqkZaTA$rMfe5NZXlga/MgPaq7xq+YAs8/vZUiUOW+oTO5xgGmI',0,'Simon Baraka Ouko',0,'student',NULL),(1594,NULL,1590,'symunguti@gmail.com','[]','$argon2id$v=19$m=65536,t=4,p=1$cSob90ZXt/eQEdMkqDF0Ig$NL3LubNiwOUEP0UDFHXEmv4aCEqHhGx9YudZvd5QV0I',0,'Simon Munyao',0,'student',NULL),(1595,NULL,1591,'nimmoh@gmail.com','[]','$argon2id$v=19$m=65536,t=4,p=1$29XLiYfxDNWquizbGMIwag$NzDP6M36ivQuZG2uuoKAX3EUFDMPhHXu/Xvw3U0h3a4',0,'Stacy Gitau',0,'student',NULL),(1596,NULL,1592,'stellakagwi@gmail.com','[]','$argon2id$v=19$m=65536,t=4,p=1$tUuMF9fat7DIxTknue2zlg$1EB0mVZTBsCEgwgNIZ8NmsSxbfPJ3L4y4/q7BpmbAaU',0,'Stella Kagwi',0,'student',NULL),(1597,NULL,1593,'sheriakweyu@gmail.com','[]','$argon2id$v=19$m=65536,t=4,p=1$0LMDTV6Gg+h+6wK9hwnlFQ$Qakt31LNq9sS4ZWwAsa/pqxlrfcAPfIwqQ9RQUPVP9w',0,'Stephanie Akweyu',0,'student',NULL),(1598,NULL,1594,'iakathure@gmail.com','[]','$argon2id$v=19$m=65536,t=4,p=1$QYLlf+wDvLu1KPfUcK0YgA$gubbuIfMJdIXkBjLPVByvOE6TbXBr6mA1rxYO/k8iXw',0,'Stephanie Jebet',0,'student',NULL),(1599,NULL,1595,'Not Set273','[]','$argon2id$v=19$m=65536,t=4,p=1$19HX183rhaGtJgmSQRBtHw$MXmX+BkVQbx5OLR33leoI62WzEdyFO5jEmEFInl6ukw',0,'Stephen Chege Ng\'ang\'a',0,'student',NULL),(1600,NULL,1596,'NEENARAY28@GMAIL.COM','[]','$argon2id$v=19$m=65536,t=4,p=1$texTrOS6/KEQeTPl7RhrmQ$JqodZj5g7LuiMEE53k718C9IEEs1iY0nds7hOGe8CG4',0,'Stuti Grace Andrew',0,'student',NULL),(1601,NULL,1597,'c.javadev.w@gmail.com','[]','$argon2id$v=19$m=65536,t=4,p=1$QPW3Ke7RnAgjEKKTgGXpCA$UxP7rt9/MWZag/hxwg4LEi/rqOitPn8XPgoQvcMXB60',0,'Yvonne Wambui Wainaina',0,'student',NULL),(1602,NULL,1598,'ksulm2006@gmail.com','[]','$argon2id$v=19$m=65536,t=4,p=1$xluZVVj4XoOW45FhqREIOQ$cfLZw8MG+xyOWZCj9sPDF7jx6ctV9KGEMAVv05JV7w4',0,'Suleiman Koech',0,'student',NULL),(1603,NULL,1599,'Not Set277','[]','$argon2id$v=19$m=65536,t=4,p=1$AQplbdyZK5v6KgCLmP/rog$azVa4k0JMQ7Cwn3YJUgudb2dJad8hvtZH0ci7pe5kEI',0,'Sydney Amieno',0,'student',NULL),(1604,NULL,1600,'hedayathomas@gmail.com','[]','$argon2id$v=19$m=65536,t=4,p=1$DsqahMrZZ+zuWqYkyRn4TA$JCYRGjgbZFCqXERM57u6j29kkzA4nOUk4tb5r8Izp2k',0,'Tamasha Mundia',0,'student',NULL),(1605,NULL,1601,'hedayathomas@gmail.com','[]','$argon2id$v=19$m=65536,t=4,p=1$r4tQNHq2geVxL2o177l2gw$/5eCNqLHsPih/SIy1+/aJXF0ucR+ha2qnW7M41A5Z34',0,'Tamia Mundia',0,'student',NULL),(1606,NULL,1602,'Not Set280','[]','$argon2id$v=19$m=65536,t=4,p=1$RvrD+BPgxugaPPffpr4FCg$V4zGxJ2K2El/ivvziPFlL4VD+zz/znlrXcNaq2hkJwE',0,'Teresa Nderi',0,'student',NULL),(1607,NULL,1603,'michaeljbrown19@gmail.com','[]','$argon2id$v=19$m=65536,t=4,p=1$ZZLV7HPwkTEfbD1/DqyYYg$AGzthzLVy9ps9gyN/KANsZL8g3EJb8HGBcHW1TJn6u8',0,'Theo Brown',0,'student',NULL),(1608,NULL,1604,'thomas.olango@gmail.com','[]','$argon2id$v=19$m=65536,t=4,p=1$9krTz7LCu6/7jrdU9t8uGQ$mce6TFWd/mzZGZBkjXQQeazcx7tddsDOVmoOPqUqnOE',0,'Thomas Olango',0,'student',NULL),(1609,NULL,1605,'patricia.ciru@yahoo.com','[]','$argon2id$v=19$m=65536,t=4,p=1$1q8kFzUkXW2seHm47F12lQ$fXGFJR38woRx1YPR0Du8SIjVc3NPrPPTImsbzWLLX2U',0,'Tiana Mayani',0,'student',NULL),(1610,NULL,1606,'muritu.timothy@gmail.com','[]','$argon2id$v=19$m=65536,t=4,p=1$AV5KzTl7snXIikm2/z5YKw$yoW69kK5vw76QoSJKo7bLQChQzlTi2ybXibNwjyh+sE',0,'Timothy Muritu',0,'student',NULL),(1611,NULL,1607,'msangos@yahoo.com','[]','$argon2id$v=19$m=65536,t=4,p=1$gyBerT8ailktBr5Xt3BT5g$iDllfQqABAhYsInt9uDeJXfK0la9OctyHfns50IhlBc',0,'Tina Wairimu ',0,'student',NULL),(1612,NULL,1608,'kevatob@gmail.com','[]','$argon2id$v=19$m=65536,t=4,p=1$B6r5wk4EhNUDCMzzZXWKTg$AO0MQFy2U0Gw9y4QuvkbjTTmfvOzvgM0UwxJ4LCED3E',0,'Tob Keva Kimenya',0,'student',NULL),(1613,NULL,1609,'tonnyrayowoko@gmail.com','[]','$argon2id$v=19$m=65536,t=4,p=1$CM0Uw1SBeHgqdQkVKJf05g$rX3Qsc1CrS6SCb8n9Dshh5/ZIIEBiwrAKEyIt5K/47Q',0,'Tony Ray',0,'student',NULL),(1614,NULL,1610,'kinyekis@gmail.com','[]','$argon2id$v=19$m=65536,t=4,p=1$mkrN098j0eNcsuig5VNPnw$xeWPRsl2w/95DfKgUuzCSu6QpfzYXi2RDYTrhHsWS88',0,'Tracy Wanjiru Kinyeki',0,'student',NULL),(1615,NULL,1611,'kmunasia@gmail.com','[]','$argon2id$v=19$m=65536,t=4,p=1$xZT8XRjOAOZU5au6HZsljg$zB8QZkYfMqLNVZ4VBADVgfSlV3bMAYwv3bIN8OuXT1I',0,'Tymon Munasia',0,'student',NULL),(1616,NULL,1612,'ukaymoomer@gmail.com','[]','$argon2id$v=19$m=65536,t=4,p=1$eAnZtuH6fqnovVa09oilUA$jsygSHlMn/MvdH5dNcCUkFebACMsR8e1cMjnXB7lImA',0,'Ursula Nyamweya',0,'student',NULL),(1617,NULL,1613,'patricia.ciru@yahoo.com','[]','$argon2id$v=19$m=65536,t=4,p=1$cukmQuGORP6PR8gR/5lDJw$9s+UPJv5zB7Tjx5AS2joCSVXvWcBe4AmFWrnw6moVTM',0,'Vanessa Mayani',0,'student',NULL),(1618,NULL,1614,'Not Set292','[]','$argon2id$v=19$m=65536,t=4,p=1$7fewZSSFtucVIUxqv1FssA$SvFxaPNouzHHTL8QQmo5vbpFtFMQcXuA0V+IK0VsZJI',0,'Veronica Nyambura Mburu',0,'student',NULL),(1619,NULL,1615,'Not Set293','[]','$argon2id$v=19$m=65536,t=4,p=1$a90hZVqK9sTGM4IQlOB6hw$Azecv2T6rGgto0PqSTOp1FZmL3Zuk4JX7yJ5ESunCvI',0,'Veronique Achieng',0,'student',NULL),(1620,NULL,1616,'angie.wanjiku@gmail.com','[]','$argon2id$v=19$m=65536,t=4,p=1$JHImyZ77p4VrmodzBUnxYw$gZYH7+VBSqrw+TugvXD1fostcUu1CovjCZjobzCOeKo',0,'Victoria Maina',0,'student',NULL),(1621,NULL,1617,'makoriii.k@gmail.com','[]','$argon2id$v=19$m=65536,t=4,p=1$wFx/4AhjvAboBpWTQ2a7cw$+IFyKSqZnTylMEIFkAN1viNhxdSiPkrF9DDh5/74TxE',0,'Victoria Makori',0,'student',NULL),(1622,NULL,1618,'vincentochieng50@gmail.com','[]','$argon2id$v=19$m=65536,t=4,p=1$7qhJtdT6E3FPsHFcdZ7jMQ$l+wgo7FGxyjxZ9HJI/mQLQz4v8ScF5hcrF/BADFGp50',0,'Vincent Ongodo',0,'student',NULL),(1623,NULL,1619,'njerivirginia2016@gmail.com','[]','$argon2id$v=19$m=65536,t=4,p=1$jz7FjYMRZ4oe5lXmVrSnVg$K189nbNw5FEbk++Re6kLdfJ3Xhzn/idYMyjhDx5sxxA',0,'Virginia Njeri',0,'student',NULL),(1624,NULL,1620,'warukira@gmail.com','[]','$argon2id$v=19$m=65536,t=4,p=1$1mNr70YmA5V7bcxSFr9Jgg$9mjFIF5I7nk7Jv2XpsO2ErvXJSqws+6o3JIv7AZKMvo',0,'Wahiga kamau',0,'student',NULL),(1625,NULL,1621,'kyama.mugambi@gmail.com','[]','$argon2id$v=19$m=65536,t=4,p=1$c7KM7UWyfLR8wbYdUKopaA$PMc14i8ispmUGRaXpJVQsghNrpxfYKr7imIiG5sioLs',0,'Wandiri Kyama',0,'student',NULL),(1626,NULL,1622,'evemartins@yahoo.com','[]','$argon2id$v=19$m=65536,t=4,p=1$NcHIvFMm/v2T1TbsNTE4sg$0KR8yYbAuqtvLpalfKNdGumklk6SJes3tcpLbwQTatI',0,'Wangeci Matu',0,'student',NULL),(1627,NULL,1623,'wangu.l.mutuku@gmail.com','[]','$argon2id$v=19$m=65536,t=4,p=1$r2HU1sMp+fSGaDFXFncLvA$8PF7mxM9LxtoUF21aFwxZRj00KoUqT8nUVPnXsZiDMU',0,'Wangu Mutuku',0,'student',NULL),(1628,NULL,1624,'mbuguapatrick2016@gmail.com','[]','$argon2id$v=19$m=65536,t=4,p=1$zd24WJCgAeZjfnelLNxGHA$MWYDhQ1BuODYTmF0BtlH3NvlV9r8p4Qar+DRAXI0hyM',0,'Wanjiku Mbugua',0,'student',NULL),(1629,NULL,1625,'wanjikundungu@yahoo.com','[]','$argon2id$v=19$m=65536,t=4,p=1$LhNwEFrQd+cTC+WzP1WQgQ$gPC8/YZt2BfEJQyr3BbLVmzcuoDt6Iw9MGRGzUqmiCA',0,'Wanjiku Ndungu',0,'student',NULL),(1630,NULL,1626,'ggatembu@yahoo.co.uk','[]','$argon2id$v=19$m=65536,t=4,p=1$PakARWiORWMDdjYHJ4bD2A$gs7H8en38RzDqH79O64vlhw7+vWc3EcLtvBPaJiwIBI',0,'Wanjiru Gatembu',0,'student',NULL),(1631,NULL,1627,'mungawilliam99@gmail.com','[]','$argon2id$v=19$m=65536,t=4,p=1$NUVvLmk0SU9lRkFLcjFLeg$nzxjeB5Y6ShWf6VIHtuBmqwxkYEBO5XyhAUURIhTA6M',0,'WIlliam Munga',0,'student',NULL),(1632,NULL,1628,'wnanjero@gmail.com','[]','$argon2id$v=19$m=65536,t=4,p=1$UcKgDu0aiUad3Qe9nyozPA$QQ1V5XrskXkEKfq7PdubKFy/B0R5eBxunFphGebd68k',0,'William Nanjero',0,'student',NULL),(1633,NULL,1629,'Not Set307','[]','$argon2id$v=19$m=65536,t=4,p=1$TOHME2Vy24UEVkz1i71TUQ$RTje9WpuvNQS3IRs10ZdjZPw7/w/QZmIj2DV2jeEi3Y',0,'Winfred Muthoni',0,'student',NULL),(1634,NULL,1630,'yvonyabu@gmail.com','[]','$argon2id$v=19$m=65536,t=4,p=1$qpfmn/BS68ufgaMLkvY3oQ$ebCCR08RfORsnfB2YoFc+xQtFL1HdM/bLpHt+wKAYjY',0,'Yvonne Nyambura',0,'student',NULL),(1635,NULL,1631,'c.javadev.w@gmail.com','[]','$argon2id$v=19$m=65536,t=4,p=1$4j+EBszHEYLw0fcwS2BI5A$YCPwpxrJM+JOMge9fV0tMwLXBj1YNhRtt+j6Zy6Nsh8',0,'Yvonne Wambui Wainaina',0,'student',NULL),(1636,NULL,1632,'azdacksefu@gmail.com','[]','$argon2id$v=19$m=65536,t=4,p=1$9CYjD5jmGYQvTO1ehmDF+A$iaGI5IPqMxATQM4mgOajTZk76qHDYNLQuhFuWT0/u8g',0,'Zachary Sefu',0,'student',NULL),(1637,NULL,1633,'zillahmwadimem@gmail.com','[]','$argon2id$v=19$m=65536,t=4,p=1$MooBVcsw2mb2LK8cDmnKPw$1IdhBF2trG8bzQqsoBMOoFhYiKSKmwWlVzB3vPorDMc',0,'Zilla Machocho',0,'student',NULL),(1638,NULL,1634,'zipykim@yahoo.com','[]','$argon2id$v=19$m=65536,t=4,p=1$vZfRCS2Y5Zu1H/pFsypnpQ$Qjyz+1uaYdAgbbYTHnVazk/XZwnvK1SLKdCDZD0x7zE',0,'Zipporah Wanjiru',0,'student',NULL),(1639,NULL,1635,'bienaimealusa@gmail.com','[]','$argon2id$v=19$m=65536,t=4,p=1$bHjHmy4a6eOqxEifBvHrgg$bgqbeeWdbFPBRqODCHrsjJnH4s/NgEk9g8FpYz+ey/4',0,'Beinaime Alusa',0,'student',NULL),(1640,NULL,1636,'tetkiki@gmail.com','[]','$argon2id$v=19$m=65536,t=4,p=1$AuHYYM3mIlyOOEmqSVPDbw$KnVHXTn7WaCSAWqzo4TpFiWns8CMRoi0rsz52mvuln4',0,'Tetlar Gachanja',0,'student',NULL),(1641,NULL,1637,'nyae16@yahoo.com','[]','$argon2id$v=19$m=65536,t=4,p=1$BK+HgvUckCc8qEcqfCwGQQ$vMCFPSaPacjtsCzFWaTa6z4NkPcWQOT7fQ2Q2CVyn3s',0,'Victor Shiroya',0,'student',NULL),(1642,NULL,1638,'victormukundi@hotmail.com','[]','$argon2id$v=19$m=65536,t=4,p=1$CvgIQHzmRJZ2znuQiwZkuQ$ZUkMZRIqFe7hkMZKTWzFFSHHyjarCZt/imTsT7MxNGY',0,'Victor Mukudi',0,'student',NULL),(1643,NULL,1639,'mbaraza@gmail.com','[]','$argon2id$v=19$m=65536,t=4,p=1$hiKVvZF+CnJUXgO6waPWzw$56QxTiM1tsAw7j27Zz/jJLeoZOHFFbQ1YWz3TWRpia4',0,'Masha Baraza',0,'student',NULL),(1644,NULL,1640,'kariswanji@gmail.com','[]','$argon2id$v=19$m=65536,t=4,p=1$yF7SS3BQBcdY3md+DyzjFw$SZVziZtMXBvUeu7WnVq/nvs8kV3wwI24DDk5bSwsh10',0,'Eanest Wanjii Kariuki',0,'student',NULL),(1645,NULL,1641,'ezekielmumo29@gmail.com','[]','$argon2id$v=19$m=65536,t=4,p=1$QRWhzIR0+zfO3YRQcnaGAw$lOrlzyZdMvRuInhaXV0UFIr4XG1MA5ebO9+XkZZkjz4',0,'Ezekiel Mumo',0,'student',NULL),(1646,NULL,1642,'wangaijoseph7@gmail.com','[]','$argon2id$v=19$m=65536,t=4,p=1$L9OmbOAmRK8MWwucC98x4Q$Hjzg5uFIJQk3vlmrFqTA8UPcCSSlGat0TgV7s5Xgdm4',0,'Joseph Mbatha Wangai',0,'student',NULL),(1647,NULL,1643,'schebet390@gmail.com','[]','$argon2id$v=19$m=65536,t=4,p=1$2rVbpAlwMioyaUvmsEd2MA$XVjIHNHFe/w53lWWMSqZGaiOA65MegDe2jIXVcL+Iq8',0,'Sharon Jebet Samoei',0,'student',NULL),(1648,NULL,1644,'tmgn1010@gmail.com','[]','$argon2id$v=19$m=65536,t=4,p=1$caCHIQv5kigTfkIJ4ERbGw$dPgJzilhXzxdVJO6DEBEWJNdB7QAq9V+BrgOa23KBLE',0,'Timothy Njau',0,'student',NULL),(1649,NULL,1645,'seanragoi28@gmail.com','[]','$argon2id$v=19$m=65536,t=4,p=1$h/sMunbhgYVFmsS+UbFPJA$nHIH12Ca8TK9vlDaGzpX6vj737Hc4aQhwbY/0YiNQp0',1,'Sean Ragoi',0,'student',NULL),(1650,NULL,1646,'Not Set324','[]','$argon2id$v=19$m=65536,t=4,p=1$MZBgaG/CHktoD5Gs6eJVOw$WDku2678fGT8osxroaBP1Hxo8twk5+spe6xkwDZaTyU',0,'Boniface Muti Kungu',0,'student',NULL),(1651,NULL,1647,'collinskinyua@gmail.com','[]','$argon2id$v=19$m=65536,t=4,p=1$m6cu8zYwDFvj315FNXBzJg$7trsEws+fZxxW7ROaROvzML/zz3oJ4Ke5XeFH1kQVVE',1,'Collins Mwangi',0,'student',NULL),(1652,NULL,1648,'walteropwondi96@gmail.com','[]','$argon2id$v=19$m=65536,t=4,p=1$1OT9+ABZHD3mhSC68RpYcA$NqlDfcQiuc3xY5U72ERAGaQRZI+E09s3dv9XSFTgay4',1,'Yoga Fredrick',0,'student',NULL),(1653,NULL,1649,'adipo555@gmail.com','[]','$argon2id$v=19$m=65536,t=4,p=1$MWV943+x/KaYBpkK9G9hwA$0ENSWIwwsgRDVQiVEXPZBwKvY5Y0gZA6Tymx3pgmMsE',0,'Auma Adipo',0,'student',NULL),(1654,NULL,1650,'viennamukabanah@icloud.com','[]','$argon2id$v=19$m=65536,t=4,p=1$YSl3TZ3rXYpr8+YRV7i3DA$t98kJo8t6u1EB94j2+QM5q9lX/GHDX9BuRQHoPug3bQ',0,'Vienna Mukabanah',0,'student',NULL),(1655,NULL,1651,'priscillanjako@gmail.com','[]','$argon2id$v=19$m=65536,t=4,p=1$a92TFLqS1wIc86OF9AaODw$03xr5NDyhVXhIFKxkT4a1+1gvLyLN/smPfUsP83vSd8',0,'Hannah Buyanzi Njako',0,'student',NULL),(1656,NULL,1652,'angela.wairimu@gmail.com','[]','$argon2id$v=19$m=65536,t=4,p=1$XqSWZmPiJyCC/WO6NL7Ssg$fK2z7Y/DRLKzwlrLeEAiQghF5rTiIdNUlrkZeje1D6k',0,'Natalie Wanjiku',0,'student',NULL),(1657,NULL,1653,'munenetony20@gmail.com','[]','$argon2id$v=19$m=65536,t=4,p=1$bBN0hCUD+vgUXzihb5RqPA$+mq4i7dYNxV94Q8CQp9Vv754t2azm8vtfiHArNxE3no',0,'Tony Ndungu Munene',0,'student',NULL),(1658,NULL,1654,'Not Set332','[]','$argon2id$v=19$m=65536,t=4,p=1$Hm8wqoXnRfZFoW8tCa5Y4g$SIlIXIyVeYc8hCHuZiFVr3yQiumjVeuaeMI08v7/M2A',0,'Florence Karanja',0,'student',NULL),(1659,NULL,1655,'Not Set333','[]','$argon2id$v=19$m=65536,t=4,p=1$z51UObQbv4bDl41oXygJgg$Mqm6ms7zsKI3JRSYv0cQxod6EZdAps8RtrbLx5NDVqI',0,'Esther Karanja',0,'student',NULL),(1660,NULL,1656,'Not Set334','[]','$argon2id$v=19$m=65536,t=4,p=1$0T7dDjdVvM9bIXte2hJkpQ$3uBJIys3VvRUKFJPel5Ynuh/bn9h40MEIVOd32JjigA',0,'Christine Karanja',0,'student',NULL),(2322,NULL,2318,'maestrojosiah@live.com','[]','$argon2id$v=19$m=65536,t=4,p=1$YWV6VkpScENwc1E5ZXdOMg$QqHKNg1DyvaxtQuJM3pCAVJYM/xiFqk2EffJroF0kE8',0,'Joseph Kathenge',1,'student',NULL),(2323,NULL,2319,'mikekiggs@gmail.com','[]','$argon2id$v=19$m=65536,t=4,p=1$NmpJTkFLaFNSc1JUSVNBLg$R8/8PeAmW7aqQQVoAjUVBo/9Lfa3y56tdpLbxcAqgg8',0,'Michael Kiggs',0,'student',NULL),(2324,NULL,2320,'jeremyweru@gmail.com','[]','$argon2id$v=19$m=65536,t=4,p=1$ckJQZk95QUtsd0trcVRPNg$mqIm2fDIk12vXstwRftOQ81XALbKsWNmYr5fDiv6v8c',1,'Jeremy Weru',0,'student',NULL),(2325,NULL,2321,'winniew273@gmail.com','[]','$argon2id$v=19$m=65536,t=4,p=1$c2RBTjRUTC9zUnRlYllLcg$tTdMzpU2de81su8QKz9AwjEUV4SqfHRse6pAa7ARvo0',1,'Winnie Wangari',0,'student',NULL),(2326,NULL,2322,'linusodeke@gmail.com','[]','$argon2id$v=19$m=65536,t=4,p=1$LmQ0SzdNb21MYVZ1LmNURA$G+iVViHl/He9yWfJhd/hgD8GrLe1k3e3lF1lHTgMq5M',1,'Linus Odeke',0,'student',NULL),(2327,NULL,2323,'andrewambua@gmail.com','[]','$argon2id$v=19$m=65536,t=4,p=1$WU4zRXlFVkI1Z3NpbW16dQ$07nJfTZ9vrOqQzGqfyVFlkmsKHGRJuqbRC3yzgb4w/k',1,'Andrew Wambua',0,'student',NULL),(2328,NULL,2324,'johnwashotieno@gmail.com','[]','$argon2id$v=19$m=65536,t=4,p=1$TDBvWkRaaS5pT1pLYS9yaw$Rye+bUSaqs8u5Wzbd4xBZ3s43Ao2baqnlBwMAzlL+W4',1,'Washington Otieno',0,'student',NULL),(2329,NULL,2325,'accntskcm@gmail.com','[]','$argon2id$v=19$m=65536,t=4,p=1$Nk1STk9KNmtPNWJYVkFnNw$cNowGKjY35iYYXuyCFJ/IkXzKVfUC0EhJ+q95gL2nqI',1,'Samuel Karori',0,'student',NULL),(2330,NULL,NULL,'accounts@conservatoire.co.ke','[\"ROLE_ADMIN\"]','$argon2id$v=19$m=65536,t=4,p=1$S09jNWkxVXB3a1BNb1k4OQ$FS1+oqRaVuTi5SU4qz34SyW9T33CneF2AK71r8DPQeM',0,'Samuel Karori',0,'admin',NULL);
/*!40000 ALTER TABLE `user` ENABLE KEYS */;
UNLOCK TABLES;

--
-- Table structure for table `user_instrument_grade`
--

DROP TABLE IF EXISTS `user_instrument_grade`;
/*!40101 SET @saved_cs_client     = @@character_set_client */;
/*!50503 SET character_set_client = utf8mb4 */;
CREATE TABLE `user_instrument_grade` (
  `id` int NOT NULL AUTO_INCREMENT,
  `student_user_data_id` int DEFAULT NULL,
  `teacher_user_data_id` int DEFAULT NULL,
  `grade_id` int DEFAULT NULL,
  `instrument_id` int DEFAULT NULL,
  `payment` varchar(255) CHARACTER SET utf8mb4 COLLATE utf8mb4_unicode_ci DEFAULT NULL,
  `active` tinyint(1) DEFAULT NULL,
  PRIMARY KEY (`id`),
  KEY `IDX_FC955880F6260E81` (`student_user_data_id`),
  KEY `IDX_FC955880F9274B04` (`teacher_user_data_id`),
  KEY `IDX_FC955880FE19A1A8` (`grade_id`),
  KEY `IDX_FC955880CF11D9C` (`instrument_id`),
  CONSTRAINT `FK_FC955880CF11D9C` FOREIGN KEY (`instrument_id`) REFERENCES `instrument` (`id`),
  CONSTRAINT `FK_FC955880F6260E81` FOREIGN KEY (`student_user_data_id`) REFERENCES `student_user_data` (`id`),
  CONSTRAINT `FK_FC955880F9274B04` FOREIGN KEY (`teacher_user_data_id`) REFERENCES `teacher_user_data` (`id`),
  CONSTRAINT `FK_FC955880FE19A1A8` FOREIGN KEY (`grade_id`) REFERENCES `instrument_grade` (`id`)
) ENGINE=InnoDB AUTO_INCREMENT=2333 DEFAULT CHARSET=utf8mb4 COLLATE=utf8mb4_unicode_ci;
/*!40101 SET character_set_client = @saved_cs_client */;

--
-- Dumping data for table `user_instrument_grade`
--

LOCK TABLES `user_instrument_grade` WRITE;
/*!40000 ALTER TABLE `user_instrument_grade` DISABLE KEYS */;
INSERT INTO `user_instrument_grade` VALUES (1,1,NULL,1,1,'12000',NULL),(4,4,NULL,2,2,'18000',NULL),(1325,1325,NULL,1,1,NULL,NULL),(1326,1326,NULL,1,1,NULL,NULL),(1327,1327,NULL,1,1,NULL,NULL),(1328,1328,NULL,1,1,NULL,NULL),(1329,1329,NULL,1,1,NULL,NULL),(1330,1330,NULL,1,1,NULL,NULL),(1331,1331,NULL,1,1,NULL,NULL),(1332,1332,NULL,1,1,NULL,NULL),(1333,1333,NULL,1,1,NULL,NULL),(1334,1334,NULL,1,1,NULL,NULL),(1335,1335,NULL,1,1,NULL,NULL),(1336,1336,NULL,1,1,NULL,NULL),(1337,1337,NULL,1,1,NULL,NULL),(1338,1338,NULL,1,1,NULL,NULL),(1339,1339,NULL,1,2,'6000',NULL),(1340,1340,NULL,1,1,NULL,NULL),(1341,1341,NULL,1,1,NULL,NULL),(1342,1342,NULL,1,1,NULL,NULL),(1343,1343,NULL,1,1,NULL,NULL),(1344,1344,NULL,1,1,NULL,NULL),(1345,1345,NULL,1,1,NULL,NULL),(1346,1346,NULL,1,1,NULL,NULL),(1347,1347,NULL,1,1,NULL,NULL),(1348,1348,NULL,1,1,NULL,NULL),(1349,1349,NULL,1,1,NULL,NULL),(1350,1350,NULL,1,1,NULL,NULL),(1351,1351,NULL,1,1,NULL,NULL),(1352,1352,NULL,1,1,NULL,NULL),(1353,1353,NULL,1,1,NULL,NULL),(1354,1354,NULL,1,1,NULL,NULL),(1355,1355,NULL,1,1,NULL,NULL),(1356,1356,NULL,1,1,NULL,NULL),(1357,1357,NULL,1,1,NULL,NULL),(1358,1358,NULL,1,1,NULL,NULL),(1359,1359,NULL,1,1,NULL,NULL),(1360,1360,NULL,1,1,NULL,NULL),(1361,1361,NULL,1,1,NULL,NULL),(1362,1362,NULL,1,1,NULL,NULL),(1363,1363,NULL,1,1,NULL,NULL),(1364,1364,NULL,1,3,'6000',NULL),(1365,1365,NULL,1,1,NULL,NULL),(1366,1366,NULL,1,1,NULL,NULL),(1367,1367,NULL,1,1,NULL,NULL),(1368,1368,NULL,1,1,NULL,NULL),(1369,1369,NULL,1,1,NULL,NULL),(1370,1370,NULL,1,1,NULL,NULL),(1371,1371,NULL,1,1,NULL,NULL),(1372,1372,NULL,1,1,NULL,NULL),(1373,1373,NULL,1,1,NULL,NULL),(1374,1374,NULL,1,1,NULL,NULL),(1375,1375,NULL,1,1,NULL,NULL),(1376,1376,NULL,1,1,NULL,NULL),(1377,1377,NULL,1,1,NULL,NULL),(1378,1378,NULL,1,1,NULL,NULL),(1379,1379,NULL,1,1,NULL,NULL),(1380,1380,NULL,1,1,NULL,NULL),(1381,1381,NULL,1,1,NULL,NULL),(1382,1382,NULL,1,1,NULL,NULL),(1383,1383,NULL,1,1,NULL,NULL),(1384,1384,NULL,1,1,NULL,NULL),(1385,1385,NULL,1,1,NULL,NULL),(1386,1386,NULL,1,1,NULL,NULL),(1387,1387,NULL,1,1,NULL,NULL),(1388,1388,NULL,1,1,NULL,NULL),(1389,1389,NULL,1,1,NULL,NULL),(1390,1390,NULL,1,1,NULL,NULL),(1391,1391,NULL,1,1,NULL,NULL),(1392,1392,NULL,1,1,NULL,NULL),(1393,1393,NULL,1,1,NULL,NULL),(1394,1394,NULL,1,1,NULL,NULL),(1395,1395,NULL,1,1,NULL,NULL),(1396,1396,NULL,1,1,NULL,NULL),(1397,1397,NULL,1,1,NULL,NULL),(1398,1398,NULL,1,1,NULL,NULL),(1399,1399,NULL,1,1,NULL,NULL),(1400,1400,NULL,1,1,NULL,NULL),(1401,1401,NULL,1,1,NULL,NULL),(1402,1402,NULL,1,1,NULL,NULL),(1403,1403,NULL,1,1,NULL,NULL),(1404,1404,NULL,1,1,NULL,NULL),(1405,1405,NULL,1,1,NULL,NULL),(1406,1406,NULL,1,1,NULL,NULL),(1407,1407,NULL,1,1,NULL,NULL),(1408,1408,NULL,1,1,NULL,NULL),(1409,1409,NULL,1,1,NULL,NULL),(1410,1410,NULL,1,1,NULL,NULL),(1411,1411,NULL,1,1,NULL,NULL),(1412,1412,NULL,1,1,NULL,NULL),(1413,1413,NULL,1,1,NULL,NULL),(1414,1414,NULL,1,1,NULL,NULL),(1415,1415,NULL,1,1,NULL,NULL),(1416,1416,NULL,1,1,NULL,NULL),(1417,1417,NULL,1,1,NULL,NULL),(1418,1418,NULL,1,1,NULL,NULL),(1419,1419,NULL,1,1,NULL,NULL),(1420,1420,NULL,1,1,NULL,NULL),(1421,1421,NULL,1,1,NULL,NULL),(1422,1422,NULL,1,1,NULL,NULL),(1423,1423,NULL,1,1,NULL,NULL),(1424,1424,NULL,1,1,NULL,NULL),(1425,1425,NULL,1,1,NULL,NULL),(1426,1426,NULL,1,1,NULL,NULL),(1427,1427,NULL,1,1,NULL,NULL),(1428,1428,NULL,1,1,NULL,NULL),(1429,1429,NULL,1,1,NULL,NULL),(1430,1430,NULL,1,1,NULL,NULL),(1431,1431,NULL,1,1,NULL,NULL),(1432,1432,NULL,1,1,NULL,NULL),(1433,1433,NULL,1,1,NULL,NULL),(1434,1434,NULL,1,1,NULL,NULL),(1435,1435,NULL,1,1,NULL,NULL),(1436,1436,NULL,1,1,NULL,NULL),(1437,1437,NULL,1,1,NULL,NULL),(1438,1438,NULL,1,1,NULL,NULL),(1439,1439,NULL,1,1,NULL,NULL),(1440,1440,NULL,1,1,NULL,NULL),(1441,1441,NULL,1,1,NULL,NULL),(1442,1442,NULL,1,1,NULL,NULL),(1443,1443,NULL,1,1,NULL,NULL),(1444,1444,NULL,1,1,NULL,NULL),(1445,1445,NULL,1,1,NULL,NULL),(1446,1446,NULL,1,1,NULL,NULL),(1447,1447,NULL,1,1,NULL,NULL),(1448,1448,NULL,1,1,NULL,NULL),(1449,1449,NULL,1,1,NULL,NULL),(1450,1450,NULL,1,1,NULL,NULL),(1451,1451,NULL,1,1,NULL,NULL),(1452,1452,NULL,1,1,NULL,NULL),(1453,1453,NULL,1,1,NULL,NULL),(1454,1454,NULL,1,1,NULL,NULL),(1455,1455,NULL,1,1,NULL,NULL),(1456,1456,NULL,1,1,NULL,NULL),(1457,1457,NULL,1,1,NULL,NULL),(1458,1458,NULL,1,1,NULL,NULL),(1459,1459,NULL,1,1,NULL,NULL),(1460,1460,NULL,1,1,NULL,NULL),(1461,1461,NULL,1,1,NULL,NULL),(1462,1462,NULL,1,1,NULL,NULL),(1463,1463,NULL,1,1,NULL,NULL),(1464,1464,NULL,1,1,NULL,NULL),(1465,1465,NULL,1,1,NULL,NULL),(1466,1466,NULL,1,1,NULL,NULL),(1467,1467,NULL,1,1,NULL,NULL),(1468,1468,NULL,1,1,NULL,NULL),(1469,1469,NULL,1,1,NULL,NULL),(1470,1470,NULL,1,1,NULL,NULL),(1471,1471,NULL,1,1,NULL,NULL),(1472,1472,NULL,1,1,NULL,NULL),(1473,1473,NULL,1,1,NULL,NULL),(1474,1474,NULL,1,1,NULL,NULL),(1475,1475,NULL,1,1,NULL,NULL),(1476,1476,NULL,1,1,NULL,NULL),(1477,1477,NULL,1,1,NULL,NULL),(1478,1478,NULL,1,1,NULL,NULL),(1479,1479,NULL,1,1,NULL,NULL),(1480,1480,NULL,1,1,NULL,NULL),(1481,1481,NULL,1,1,NULL,NULL),(1482,1482,NULL,1,1,NULL,NULL),(1483,1483,NULL,1,1,NULL,NULL),(1484,1484,NULL,1,1,NULL,NULL),(1485,1485,NULL,1,1,NULL,NULL),(1486,1486,NULL,1,1,NULL,NULL),(1487,1487,NULL,1,1,NULL,NULL),(1488,1488,NULL,1,1,NULL,NULL),(1489,1489,NULL,1,1,NULL,NULL),(1490,1490,NULL,1,1,NULL,NULL),(1491,1491,NULL,1,1,NULL,NULL),(1492,1492,NULL,1,1,NULL,NULL),(1493,1493,NULL,1,1,NULL,NULL),(1494,1494,NULL,1,1,NULL,NULL),(1495,1495,NULL,1,1,NULL,NULL),(1496,1496,NULL,1,1,NULL,NULL),(1497,1497,NULL,1,1,NULL,NULL),(1498,1498,NULL,1,1,NULL,NULL),(1499,1499,NULL,1,1,NULL,NULL),(1500,1500,NULL,1,1,NULL,NULL),(1501,1501,NULL,1,1,NULL,NULL),(1502,1502,NULL,1,1,NULL,NULL),(1503,1503,NULL,1,1,NULL,NULL),(1504,1504,NULL,1,1,NULL,NULL),(1505,1505,NULL,1,1,NULL,NULL),(1506,1506,NULL,1,1,NULL,NULL),(1507,1507,NULL,1,1,NULL,NULL),(1508,1508,NULL,1,1,NULL,NULL),(1509,1509,NULL,1,1,NULL,NULL),(1510,1510,NULL,1,1,NULL,NULL),(1511,1511,NULL,1,1,NULL,NULL),(1512,1512,NULL,1,1,NULL,NULL),(1513,1513,NULL,1,1,NULL,NULL),(1514,1514,NULL,1,1,NULL,NULL),(1515,1515,NULL,1,1,NULL,NULL),(1516,1516,NULL,1,1,NULL,NULL),(1517,1517,NULL,1,1,NULL,NULL),(1518,1518,NULL,1,1,NULL,NULL),(1519,1519,NULL,1,1,NULL,NULL),(1520,1520,NULL,1,1,NULL,NULL),(1521,1521,NULL,1,1,NULL,NULL),(1522,1522,NULL,1,1,NULL,NULL),(1523,1523,NULL,1,1,NULL,NULL),(1524,1524,NULL,1,1,NULL,NULL),(1525,1525,NULL,1,1,NULL,NULL),(1526,1526,NULL,1,1,NULL,NULL),(1527,1527,NULL,1,1,NULL,NULL),(1528,1528,NULL,1,1,NULL,NULL),(1529,1529,NULL,1,1,NULL,NULL),(1530,1530,NULL,1,1,NULL,NULL),(1531,1531,NULL,1,1,NULL,NULL),(1532,1532,NULL,1,1,NULL,NULL),(1533,1533,NULL,1,1,NULL,NULL),(1534,1534,NULL,1,1,NULL,NULL),(1535,1535,NULL,1,1,NULL,NULL),(1536,1536,NULL,1,1,NULL,NULL),(1537,1537,NULL,1,1,NULL,NULL),(1538,1538,NULL,1,1,NULL,NULL),(1539,1539,NULL,1,1,NULL,NULL),(1540,1540,NULL,1,1,NULL,NULL),(1541,1541,NULL,1,1,NULL,NULL),(1542,1542,NULL,1,1,NULL,NULL),(1543,1543,NULL,1,1,NULL,NULL),(1544,1544,NULL,1,1,NULL,NULL),(1545,1545,NULL,1,1,NULL,NULL),(1546,1546,NULL,1,1,NULL,NULL),(1547,1547,NULL,1,1,NULL,NULL),(1548,1548,NULL,1,1,NULL,NULL),(1549,1549,NULL,1,1,NULL,NULL),(1550,1550,NULL,1,1,NULL,NULL),(1551,1551,NULL,1,1,NULL,NULL),(1552,1552,NULL,1,1,NULL,NULL),(1553,1553,NULL,1,1,NULL,NULL),(1554,1554,NULL,1,1,NULL,NULL),(1555,1555,NULL,1,1,NULL,NULL),(1556,1556,NULL,1,1,NULL,NULL),(1557,1557,NULL,1,1,NULL,NULL),(1558,1558,NULL,1,1,NULL,NULL),(1559,1559,NULL,1,1,NULL,NULL),(1560,1560,NULL,1,1,NULL,NULL),(1561,1561,NULL,1,1,NULL,NULL),(1562,1562,NULL,1,1,NULL,NULL),(1563,1563,NULL,1,1,NULL,NULL),(1564,1564,NULL,1,1,NULL,NULL),(1565,1565,NULL,1,1,NULL,NULL),(1566,1566,NULL,1,1,NULL,NULL),(1567,1567,NULL,1,1,NULL,NULL),(1568,1568,NULL,1,1,NULL,NULL),(1569,1569,NULL,1,1,NULL,NULL),(1570,1570,NULL,1,1,NULL,NULL),(1571,1571,NULL,1,1,NULL,NULL),(1572,1572,NULL,1,1,NULL,NULL),(1573,1573,NULL,1,1,NULL,NULL),(1574,1574,NULL,1,1,NULL,NULL),(1575,1575,NULL,1,1,NULL,NULL),(1576,1576,NULL,1,1,NULL,NULL),(1577,1577,NULL,1,1,NULL,NULL),(1578,1578,NULL,1,1,NULL,NULL),(1579,1579,NULL,1,1,NULL,NULL),(1580,1580,NULL,1,1,NULL,NULL),(1581,1581,NULL,1,1,NULL,NULL),(1582,1582,NULL,1,1,NULL,NULL),(1583,1583,NULL,1,1,NULL,NULL),(1584,1584,NULL,1,1,NULL,NULL),(1585,1585,NULL,1,1,NULL,NULL),(1586,1586,NULL,1,1,NULL,NULL),(1587,1587,NULL,1,1,NULL,NULL),(1588,1588,NULL,1,1,NULL,NULL),(1589,1589,NULL,1,1,NULL,NULL),(1590,1590,NULL,1,1,NULL,NULL),(1591,1591,NULL,1,1,NULL,NULL),(1592,1592,NULL,1,1,NULL,NULL),(1593,1593,NULL,1,1,NULL,NULL),(1594,1594,NULL,1,1,NULL,NULL),(1595,1595,NULL,1,1,NULL,NULL),(1596,1596,NULL,1,1,NULL,NULL),(1597,1597,NULL,1,1,NULL,NULL),(1598,1598,NULL,1,1,NULL,NULL),(1599,1599,NULL,1,1,NULL,NULL),(1600,1600,NULL,1,1,NULL,NULL),(1601,1601,NULL,1,1,NULL,NULL),(1602,1602,NULL,1,1,NULL,NULL),(1603,1603,NULL,1,1,NULL,NULL),(1604,1604,NULL,1,1,NULL,NULL),(1605,1605,NULL,1,1,NULL,NULL),(1606,1606,NULL,1,1,NULL,NULL),(1607,1607,NULL,1,1,NULL,NULL),(1608,1608,NULL,1,1,NULL,NULL),(1609,1609,NULL,1,1,NULL,NULL),(1610,1610,NULL,1,1,NULL,NULL),(1611,1611,NULL,1,1,NULL,NULL),(1612,1612,NULL,1,1,NULL,NULL),(1613,1613,NULL,1,1,NULL,NULL),(1614,1614,NULL,1,1,NULL,NULL),(1615,1615,NULL,1,1,NULL,NULL),(1616,1616,NULL,1,1,NULL,NULL),(1617,1617,NULL,1,1,NULL,NULL),(1618,1618,NULL,1,1,NULL,NULL),(1619,1619,NULL,1,1,NULL,NULL),(1620,1620,NULL,1,1,NULL,NULL),(1621,1621,NULL,1,1,NULL,NULL),(1622,1622,NULL,1,1,NULL,NULL),(1623,1623,NULL,1,1,NULL,NULL),(1624,1624,NULL,1,1,NULL,NULL),(1625,1625,NULL,1,1,NULL,NULL),(1626,1626,NULL,1,1,NULL,NULL),(1627,1627,NULL,1,4,'12000',NULL),(1628,1628,NULL,1,1,NULL,NULL),(1629,1629,NULL,1,1,NULL,NULL),(1630,1630,NULL,1,1,NULL,NULL),(1631,1631,NULL,1,1,NULL,NULL),(1632,1632,NULL,1,1,NULL,NULL),(1633,1633,NULL,1,1,NULL,NULL),(1634,1634,NULL,1,1,NULL,NULL),(1635,1635,NULL,1,1,NULL,NULL),(1636,1636,NULL,1,1,NULL,NULL),(1637,1637,NULL,1,1,NULL,NULL),(1638,1638,NULL,1,1,NULL,NULL),(1639,1639,NULL,1,1,NULL,NULL),(1640,1640,NULL,1,1,NULL,NULL),(1641,1641,NULL,1,1,NULL,NULL),(1642,1642,NULL,1,1,NULL,NULL),(1643,1643,NULL,2,1,'0',NULL),(1644,1644,NULL,1,1,NULL,NULL),(1645,1645,NULL,1,1,NULL,1),(1646,1646,NULL,1,1,NULL,NULL),(1647,1647,NULL,1,3,'12000',1),(1648,1648,NULL,1,1,NULL,1),(1649,1649,NULL,1,1,NULL,NULL),(1650,1650,NULL,1,1,NULL,NULL),(1651,1651,NULL,1,1,NULL,NULL),(1652,1652,NULL,1,1,NULL,NULL),(1653,1653,NULL,1,1,'12000',NULL),(1654,1654,NULL,1,1,'0',NULL),(1655,1655,NULL,1,1,'0',NULL),(1656,1656,NULL,1,1,'0',NULL),(2317,2317,NULL,3,1,NULL,NULL),(2318,2318,NULL,3,2,'0',NULL),(2322,1411,NULL,6,4,'10000',NULL),(2323,2319,NULL,1,1,'6000',NULL),(2324,2320,NULL,9,1,'6000',1),(2325,1643,NULL,4,4,'6000',NULL),(2326,1643,NULL,3,4,'1500',NULL),(2327,2321,NULL,1,1,'9000',1),(2328,2322,NULL,5,4,'12000',1),(2329,2323,NULL,1,1,'12000',1),(2330,1627,NULL,1,1,'0',NULL),(2331,2324,NULL,1,1,'6000',1),(2332,2325,NULL,1,2,'6600',1);
/*!40000 ALTER TABLE `user_instrument_grade` ENABLE KEYS */;
UNLOCK TABLES;
/*!40103 SET TIME_ZONE=@OLD_TIME_ZONE */;

/*!40101 SET SQL_MODE=@OLD_SQL_MODE */;
/*!40014 SET FOREIGN_KEY_CHECKS=@OLD_FOREIGN_KEY_CHECKS */;
/*!40014 SET UNIQUE_CHECKS=@OLD_UNIQUE_CHECKS */;
/*!40101 SET CHARACTER_SET_CLIENT=@OLD_CHARACTER_SET_CLIENT */;
/*!40101 SET CHARACTER_SET_RESULTS=@OLD_CHARACTER_SET_RESULTS */;
/*!40101 SET COLLATION_CONNECTION=@OLD_COLLATION_CONNECTION */;
/*!40111 SET SQL_NOTES=@OLD_SQL_NOTES */;

-- Dump completed on 2021-02-18 12:47:34
